0,5.6087034e+00,9.9966738e-01
10,1.8683415e-01,9.9852026e-01
20,1.4758149e-02,9.9763534e-01
30,3.5613204e-02,9.9684394e-01
40,4.2431369e-02,9.9608953e-01
50,4.2588057e-02,9.9534358e-01
60,4.0552930e-02,9.9459897e-01
70,7.9615343e+00,9.9385518e-01
80,3.2567066e-02,9.9311172e-01
90,1.8295825e-02,9.9236656e-01
100,1.8656492e-02,9.9161640e-01
110,1.7048230e-02,9.9085730e-01
120,1.7173358e-02,9.9008523e-01
130,1.7201217e-02,9.8929637e-01
140,1.7164550e-02,9.8848730e-01
150,1.7085415e-02,9.8765507e-01
160,1.6006489e-02,9.8679719e-01
170,1.6001077e-02,9.8591154e-01
180,1.5976383e-02,9.8499637e-01
190,1.5938298e-02,9.8405022e-01
200,1.5891371e-02,9.8307186e-01
210,1.5839088e-02,9.8206023e-01
220,1.5784092e-02,9.8101445e-01
230,1.5728368e-02,9.7993372e-01
240,1.5673386e-02,9.7881732e-01
250,1.5620217e-02,9.7766460e-01
260,9.4983561e-03,9.7647494e-01
270,9.4132036e-03,9.7524774e-01
280,9.3159858e-03,9.7398239e-01
290,7.9897202e+00,9.7267830e-01
300,8.2747456e-03,9.7133486e-01
310,8.1973693e-03,9.6995144e-01
320,8.1128550e-03,9.6852740e-01
330,8.0228350e-03,9.6706207e-01
340,7.2312192e-03,9.6555476e-01
350,7.1679976e-03,9.6400476e-01
360,7.1010222e-03,9.6241131e-01
370,7.0311849e-03,9.6077366e-01
380,6.9592132e-03,9.5909101e-01
390,6.3190503e-03,9.5736257e-01
400,6.2726869e-03,9.5558751e-01
410,6.2245437e-03,9.5376498e-01
420,6.1749927e-03,9.5189413e-01
430,6.1243379e-03,9.4997411e-01
440,6.0728280e-03,9.4800403e-01
450,5.5902649e-03,9.4598303e-01
460,5.5603725e-03,9.4391022e-01
470,5.5292117e-03,9.4178475e-01
480,5.4969305e-03,9.3960573e-01
490,5.4636546e-03,9.3737233e-01
500,5.4294917e-03,9.3508370e-01
510,5.3945344e-03,9.3273900e-01
520,5.0575904e-03,9.3033745e-01
530,5.0383656e-03,9.2787826e-01
540,5.0178300e-03,9.2536067e-01
550,4.9960698e-03,9.2278396e-01
560,4.9731638e-03,9.2014744e-01
570,4.9491842e-03,9.1745047e-01
580,4.9241975e-03,9.1469243e-01
590,4.8982654e-03,9.1187275e-01
600,4.8714453e-03,9.0899091e-01
610,4.6625206e-03,9.0604645e-01
620,4.6454422e-03,9.0303894e-01
630,4.6271340e-03,8.9996802e-01
640,4.6076632e-03,8.9683339e-01
650,4.5870931e-03,8.9363480e-01
660,4.5654841e-03,8.9037207e-01
670,4.5428931e-03,8.8704509e-01
680,4.5193743e-03,8.8365381e-01
690,4.4949793e-03,8.8019825e-01
700,4.4697572e-03,8.7667851e-01
710,4.4437549e-03,8.7309475e-01
720,4.4170171e-03,8.6944721e-01
730,4.3895866e-03,8.6573622e-01
740,4.3615041e-03,8.6196215e-01
750,4.3328089e-03,8.5812549e-01
760,4.3035385e-03,8.5422679e-01
770,4.2737287e-03,8.5026666e-01
780,4.2434141e-03,8.4624582e-01
790,4.2126277e-03,8.4216504e-01
800,4.1814014e-03,8.3802519e-01
810,4.1497656e-03,8.3382721e-01
820,4.1177498e-03,8.2957211e-01
830,4.0853820e-03,8.2526098e-01
840,4.0526894e-03,8.2089498e-01
850,4.0196982e-03,8.1647535e-01
860,3.9672164e-03,8.1200339e-01
870,3.9372530e-03,8.0748048e-01
880,3.9068958e-03,8.0290805e-01
890,3.8761732e-03,7.9828760e-01
900,3.8451128e-03,7.9362070e-01
910,3.8137409e-03,7.8890896e-01
920,3.7820828e-03,7.8415406e-01
930,3.7501629e-03,7.7935772e-01
940,3.7180048e-03,7.7452171e-01
950,3.6856310e-03,7.6964785e-01
960,3.6530633e-03,7.6473799e-01
970,3.6203226e-03,7.5979403e-01
980,3.5874290e-03,7.5481789e-01
990,3.5544019e-03,7.4981152e-01
1000,3.5040320e-03,7.4477690e-01
1010,3.4691149e-03,7.3971603e-01
1020,3.4342193e-03,7.3463092e-01
1030,3.3993584e-03,7.2952359e-01
1040,3.3645446e-03,7.2439609e-01
1050,3.3297901e-03,7.1925045e-01
1060,3.2951065e-03,7.1408871e-01
1070,3.2605049e-03,7.0891290e-01
1080,3.2259960e-03,7.0372506e-01
1090,3.1915900e-03,6.9852720e-01
1100,3.1572967e-03,6.9332133e-01
1110,3.1231256e-03,6.8810943e-01
1120,3.0890857e-03,6.8289346e-01
1130,3.0551855e-03,6.7767535e-01
1140,3.0214333e-03,6.7245703e-01
1150,2.9878369e-03,6.6724037e-01
1160,2.9544039e-03,6.6202722e-01
1170,2.9211415e-03,6.5681938e-01
1180,2.8880565e-03,6.5161863e-01
1190,2.8551553e-03,6.4642670e-01
1200,2.8224442e-03,6.4124528e-01
1210,2.7899291e-03,6.3607601e-01
1220,2.7576155e-03,6.3092049e-01
1230,2.7255087e-03,6.2578028e-01
1240,2.6936137e-03,6.2065686e-01
1250,2.6619354e-03,6.1555170e-01
1260,2.6304781e-03,6.1046619e-01
1270,2.5992460e-03,6.0540168e-01
1280,2.5682432e-03,6.0035947e-01
1290,2.5374733e-03,5.9534079e-01
1300,2.5069399e-03,5.9034685e-01
1310,2.4766461e-03,5.8537877e-01
1320,2.4465951e-03,5.8043764e-01
1330,2.4167897e-03,5.7552449e-01
1340,2.3872325e-03,5.7064028e-01
1350,2.3579258e-03,5.6578596e-01
1360,2.3288719e-03,5.6096237e-01
1370,2.3000729e-03,5.5617036e-01
1380,2.2715306e-03,5.5141067e-01
1390,2.2432467e-03,5.4668404e-01
1400,2.1718325e-03,5.4199112e-01
1410,2.1446064e-03,5.3733255e-01
1420,2.1176608e-03,5.3270888e-01
1430,2.0909954e-03,5.2812065e-01
1440,2.0646101e-03,5.2356834e-01
1450,2.0385046e-03,5.1905238e-01
1460,2.0126783e-03,5.1457316e-01
1470,1.9871307e-03,5.1013104e-01
1480,1.9618612e-03,5.0572633e-01
1490,1.9368691e-03,5.0135930e-01
1500,1.9121534e-03,4.9703018e-01
1510,1.8877133e-03,4.9273918e-01
1520,1.8635478e-03,4.8848644e-01
1530,1.8396558e-03,4.8427211e-01
1540,1.8160361e-03,4.8009627e-01
1550,1.7926876e-03,4.7595898e-01
1560,1.7696090e-03,4.7186030e-01
1570,1.7467988e-03,4.6780021e-01
1580,1.7242557e-03,4.6377871e-01
1590,1.7019781e-03,4.5979573e-01
1600,1.6799647e-03,4.5585121e-01
1610,1.6582137e-03,4.5194506e-01
1620,1.6367235e-03,4.4807715e-01
1630,1.6154924e-03,4.4424735e-01
1640,1.5945188e-03,4.4045550e-01
1650,1.5738008e-03,4.3670142e-01
1660,1.5533367e-03,4.3298492e-01
1670,1.5331245e-03,4.2930578e-01
1680,1.5131624e-03,4.2566378e-01
1690,1.4618040e-03,4.2205867e-01
1700,1.4431496e-03,4.1849021e-01
1710,1.4247356e-03,4.1495813e-01
1720,1.4065594e-03,4.1146214e-01
1730,1.3886188e-03,4.0800196e-01
1740,1.3709113e-03,4.0457729e-01
1750,1.3534345e-03,4.0118782e-01
1760,1.3361861e-03,3.9783324e-01
1770,1.3191637e-03,3.9451322e-01
1780,1.3023648e-03,3.9122743e-01
1790,1.2857871e-03,3.8797554e-01
1800,1.2694281e-03,3.8475721e-01
1810,1.2532856e-03,3.8157208e-01
1820,1.2373570e-03,3.7841982e-01
1830,1.2216400e-03,3.7530006e-01
1840,1.2061323e-03,3.7221245e-01
1850,1.1908314e-03,3.6915664e-01
1860,1.1757350e-03,3.6613226e-01
1870,1.1608408e-03,3.6313895e-01
1880,1.1461463e-03,3.6017635e-01
1890,1.1316494e-03,3.5724410e-01
1900,1.1173475e-03,3.5434183e-01
1910,1.1032385e-03,3.5146918e-01
1920,1.0893199e-03,3.4862578e-01
1930,1.0755896e-03,3.4581129e-01
1940,1.0620453e-03,3.4302533e-01
1950,1.0486846e-03,3.4026754e-01
1960,1.0355053e-03,3.3753758e-01
1970,1.0225052e-03,3.3483509e-01
1980,1.0096821e-03,3.3215971e-01
1990,9.9703369e-04,3.2951109e-01
2000,9.8455785e-04,3.2688889e-01
2010,9.7225239e-04,3.2429276e-01
2020,9.6011515e-04,3.2172237e-01
2030,9.4814397e-04,3.1917737e-01
2040,9.3633674e-04,3.1665742e-01
2050,9.2469134e-04,3.1416220e-01
2060,9.1320567e-04,3.1169138e-01
2070,9.0187766e-04,3.0924464e-01
2080,8.9070526e-04,3.0682165e-01
2090,8.7968642e-04,3.0442210e-01
2100,8.6881912e-04,3.0204567e-01
2110,8.5810135e-04,2.9969206e-01
2120,8.4753113e-04,2.9736096e-01
2130,8.3710650e-04,2.9505207e-01
2140,8.2682551e-04,2.9276510e-01
2150,8.1668623e-04,2.9049975e-01
2160,8.0668675e-04,2.8825573e-01
2170,7.9972725e+00,2.8603277e-01
2180,7.8308069e-04,2.8383057e-01
2190,7.7397390e-04,2.8164887e-01
2200,7.6499047e-04,2.7948739e-01
2210,7.5612865e-04,2.7734587e-01
2220,7.4738673e-04,2.7522404e-01
2230,7.3876301e-04,2.7312165e-01
2240,7.3025583e-04,2.7103843e-01
2250,7.2186352e-04,2.6897414e-01
2260,7.1358447e-04,2.6692853e-01
2270,7.0541705e-04,2.6490136e-01
2280,6.9735968e-04,2.6289239e-01
2290,6.8941079e-04,2.6090138e-01
2300,6.8156883e-04,2.5892811e-01
2310,6.7383228e-04,2.5697235e-01
2320,6.6619962e-04,2.5503387e-01
2330,6.5866936e-04,2.5311245e-01
2340,6.5124004e-04,2.5120789e-01
2350,6.4391020e-04,2.4931996e-01
2360,6.3667843e-04,2.4744846e-01
2370,6.2954329e-04,2.4559319e-01
2380,6.1844800e-04,2.4375394e-01
2390,6.1118145e-04,2.4193051e-01
2400,6.0401466e-04,2.4012272e-01
2410,5.9694622e-04,2.3833037e-01
2420,5.8997469e-04,2.3655328e-01
2430,5.8309870e-04,2.3479125e-01
2440,5.7631686e-04,2.3304412e-01
2450,5.6962781e-04,2.3131170e-01
2460,5.6303022e-04,2.2959381e-01
2470,5.5652275e-04,2.2789029e-01
2480,5.5010411e-04,2.2620097e-01
2490,5.4377300e-04,2.2452568e-01
2500,5.3752816e-04,2.2286427e-01
2510,5.3136832e-04,2.2121656e-01
2520,5.2529225e-04,2.1958240e-01
2530,5.1929874e-04,2.1796165e-01
2540,5.1338657e-04,2.1635414e-01
2550,5.0755455e-04,2.1475974e-01
2560,5.0180152e-04,2.1317828e-01
2570,4.9612633e-04,2.1160964e-01
2580,4.9052782e-04,2.1005366e-01
2590,4.8500488e-04,2.0851022e-01
2600,4.7955639e-04,2.0697916e-01
2610,4.7418128e-04,2.0546037e-01
2620,4.6887845e-04,2.0395370e-01
2630,4.6364684e-04,2.0245904e-01
2640,4.5848542e-04,2.0097624e-01
2650,4.5339314e-04,1.9950519e-01
2660,4.4836899e-04,1.9804576e-01
2670,4.4341197e-04,1.9659784e-01
2680,4.3852108e-04,1.9516129e-01
2690,4.3369536e-04,1.9373602e-01
2700,4.2893384e-04,1.9232189e-01
2710,4.2423557e-04,1.9091880e-01
2720,4.1959962e-04,1.8952664e-01
2730,4.1502508e-04,1.8814529e-01
2740,4.1051103e-04,1.8677466e-01
2750,4.0605659e-04,1.8541463e-01
2760,4.0166087e-04,1.8406509e-01
2770,3.9732300e-04,1.8272596e-01
2780,3.9304214e-04,1.8139712e-01
2790,3.8881744e-04,1.8007847e-01
2800,3.8464807e-04,1.7876992e-01
2810,3.8053322e-04,1.7747137e-01
2820,3.7647207e-04,1.7618273e-01
2830,3.7246385e-04,1.7490391e-01
2840,3.6850775e-04,1.7363480e-01
2850,3.6460303e-04,1.7237532e-01
2860,3.6074892e-04,1.7112539e-01
2870,3.5694467e-04,1.6988491e-01
2880,3.5318954e-04,1.6865379e-01
2890,3.4948282e-04,1.6743195e-01
2900,3.4582379e-04,1.6621932e-01
2910,3.4221175e-04,1.6501579e-01
2920,3.2400604e-04,1.6382130e-01
2930,3.2045052e-04,1.6263575e-01
2940,3.1694256e-04,1.6145908e-01
2950,3.1348145e-04,1.6029120e-01
2960,3.1006648e-04,1.5913204e-01
2970,3.0669696e-04,1.5798152e-01
2980,3.0337221e-04,1.5683956e-01
2990,3.0009154e-04,1.5570609e-01
3000,2.9685430e-04,1.5458103e-01
3010,2.9365984e-04,1.5346432e-01
3020,2.9050750e-04,1.5235589e-01
3030,2.8739667e-04,1.5125565e-01
3040,2.8432671e-04,1.5016355e-01
3050,2.8129701e-04,1.4907951e-01
3060,2.7830697e-04,1.4800347e-01
3070,2.7535599e-04,1.4693536e-01
3080,2.7244348e-04,1.4587512e-01
3090,2.6956888e-04,1.4482267e-01
3100,2.6673160e-04,1.4377795e-01
3110,2.6393110e-04,1.4274091e-01
3120,2.6116682e-04,1.4171147e-01
3130,2.5843823e-04,1.4068958e-01
3140,2.5574478e-04,1.3967517e-01
3150,2.5308595e-04,1.3866818e-01
3160,2.5046123e-04,1.3766856e-01
3170,2.4787010e-04,1.3667624e-01
3180,2.4531207e-04,1.3569117e-01
3190,2.4278665e-04,1.3471328e-01
3200,2.4029335e-04,1.3374253e-01
3210,2.3783168e-04,1.3277884e-01
3220,2.3540119e-04,1.3182218e-01
3230,2.3300141e-04,1.3087248e-01
3240,2.1499095e-04,1.2992968e-01
3250,2.1268910e-04,1.2899374e-01
3260,2.1041767e-04,1.2806459e-01
3270,2.0817617e-04,1.2714219e-01
3280,2.0596417e-04,1.2622649e-01
3290,2.0378120e-04,1.2531743e-01
3300,2.0162683e-04,1.2441495e-01
3310,1.9950063e-04,1.2351902e-01
3320,1.9740215e-04,1.2262958e-01
3330,1.9533099e-04,1.2174657e-01
3340,1.9328673e-04,1.2086996e-01
3350,1.9126896e-04,1.1999968e-01
3360,1.8927728e-04,1.1913570e-01
3370,1.8731129e-04,1.1827797e-01
3380,1.8537061e-04,1.1742643e-01
3390,1.8345485e-04,1.1658104e-01
3400,1.8156363e-04,1.1574175e-01
3410,1.7969660e-04,1.1490853e-01
3420,1.7785338e-04,1.1408131e-01
3430,1.7603361e-04,1.1326006e-01
3440,1.7423695e-04,1.1244474e-01
3450,1.7246304e-04,1.1163529e-01
3460,1.7071154e-04,1.1083167e-01
3470,1.6898213e-04,1.1003385e-01
3480,1.6727446e-04,1.0924177e-01
3490,1.6558822e-04,1.0845540e-01
3500,1.6392309e-04,1.0767469e-01
3510,1.6227874e-04,1.0689960e-01
3520,1.6065487e-04,1.0613009e-01
3530,1.5905118e-04,1.0536611e-01
3540,1.4269724e-04,1.0460763e-01
3550,1.4120002e-04,1.0385461e-01
3560,1.3972232e-04,1.0310700e-01
3570,1.3826385e-04,1.0236477e-01
3580,1.3682430e-04,1.0162787e-01
3590,1.3540339e-04,1.0089627e-01
3600,1.3400084e-04,1.0016993e-01
3610,1.3261636e-04,9.9448804e-02
3620,1.3124968e-04,9.8732863e-02
3630,1.2990053e-04,9.8022065e-02
3640,1.2856864e-04,9.7316374e-02
3650,1.2725374e-04,9.6615751e-02
3660,1.2595558e-04,9.5920160e-02
3670,1.2467391e-04,9.5229564e-02
3680,1.2340848e-04,9.4543927e-02
3690,1.2215903e-04,9.3863213e-02
3700,1.2092533e-04,9.3187386e-02
3710,1.1970715e-04,9.2516411e-02
3720,1.1850425e-04,9.1850252e-02
3730,1.1731639e-04,9.1188875e-02
3740,1.1614335e-04,9.0532245e-02
3750,1.1498492e-04,8.9880327e-02
3760,1.1384087e-04,8.9233089e-02
3770,1.1271098e-04,8.8590494e-02
3780,1.1159505e-04,8.7952512e-02
3790,1.1049287e-04,8.7319107e-02
3800,1.0940423e-04,8.6690247e-02
3810,1.0832894e-04,8.6065900e-02
3820,1.0726678e-04,8.5446032e-02
3830,1.0621758e-04,8.4830612e-02
3840,1.0518114e-04,8.4219608e-02
3850,9.1123111e-05,8.3612987e-02
3860,9.0186020e-05,8.3010719e-02
3870,8.9260957e-05,8.2412771e-02
3880,8.8347736e-05,8.1819114e-02
3890,8.7446177e-05,8.1229716e-02
3900,8.6556101e-05,8.0644546e-02
3910,8.5677333e-05,8.0063575e-02
3920,8.4809700e-05,7.9486772e-02
3930,8.3953033e-05,7.8914108e-02
3940,8.3107165e-05,7.8345552e-02
3950,8.2271933e-05,7.7781076e-02
3960,8.1447174e-05,7.7220649e-02
3970,8.0632731e-05,7.6664244e-02
3980,7.9828448e-05,7.6111830e-02
3990,7.9034171e-05,7.5563381e-02
4000,7.8249751e-05,7.5018867e-02
4010,7.7475038e-05,7.4478260e-02
4020,7.6709888e-05,7.3941533e-02
4030,7.5954157e-05,7.3408657e-02
4040,7.5207703e-05,7.2879605e-02
4050,7.4470390e-05,7.2354349e-02
4060,7.3742080e-05,7.1832864e-02
4070,7.3022641e-05,7.1315121e-02
4080,7.2311939e-05,7.0801094e-02
4090,7.1609846e-05,7.0290756e-02
4100,7.0916234e-05,6.9784081e-02
4110,7.0230978e-05,6.9281043e-02
4120,6.9553956e-05,6.8781617e-02
4130,6.8885045e-05,6.8285775e-02
4140,6.8224128e-05,6.7793493e-02
4150,6.7571086e-05,6.7304745e-02
4160,6.6925805e-05,6.6819506e-02
4170,6.6288172e-05,6.6337750e-02
4180,6.5658074e-05,6.5859454e-02
4190,6.5035404e-05,6.5384593e-02
4200,7.9980079e+00,6.4913141e-02
4210,5.3084882e-05,6.4445074e-02
4220,5.2552800e-05,6.3980369e-02
4230,5.2027384e-05,6.3519002e-02
4240,5.1508533e-05,6.3060947e-02
4250,5.0996146e-05,6.2606183e-02
4260,5.0490127e-05,6.2154686e-02
4270,4.9990379e-05,6.1706431e-02
4280,4.9496808e-05,6.1261397e-02
4290,4.9009320e-05,6.0819560e-02
4300,4.8527824e-05,6.0380897e-02
4310,4.8052230e-05,5.9945385e-02
4320,4.7582450e-05,5.9513003e-02
4330,4.7118397e-05,5.9083728e-02
4340,4.6659985e-05,5.8657537e-02
4350,4.6207131e-05,5.8234409e-02
4360,4.5759752e-05,5.7814322e-02
4370,4.5317766e-05,5.7397254e-02
4380,4.4881095e-05,5.6983183e-02
4390,4.4449659e-05,5.6572089e-02
4400,4.4023381e-05,5.6163950e-02
4410,4.3602186e-05,5.5758744e-02
4420,4.3185998e-05,5.5356452e-02
4430,4.2774745e-05,5.4957051e-02
4440,4.2368355e-05,5.4560522e-02
4450,4.1966755e-05,5.4166844e-02
4460,4.1569878e-05,5.3775997e-02
4470,4.1177654e-05,5.3387961e-02
4480,4.0790015e-05,5.3002714e-02
4490,4.0406896e-05,5.2620239e-02
4500,4.0028231e-05,5.2240514e-02
4510,3.9653956e-05,5.1863520e-02
4520,3.9284009e-05,5.1489237e-02
4530,3.8918326e-05,5.1117647e-02
4540,3.8556847e-05,5.0748730e-02
4550,3.8199512e-05,5.0382466e-02
4560,3.7846262e-05,5.0018838e-02
4570,3.7497039e-05,4.9657826e-02
4580,3.7151786e-05,4.9299411e-02
4590,3.6810446e-05,4.8943575e-02
4600,3.6472965e-05,4.8590300e-02
4610,3.6139289e-05,4.8239566e-02
4620,3.5809363e-05,4.7891357e-02
4630,2.7237232e-05,4.7545654e-02
4640,2.6971133e-05,4.7202438e-02
4650,2.6708279e-05,4.6861693e-02
4660,2.6448621e-05,4.6523401e-02
4670,2.6192112e-05,4.6187543e-02
4680,2.5938705e-05,4.5854104e-02
4690,2.5688353e-05,4.5523064e-02
4700,2.5441011e-05,4.5194408e-02
4710,2.5196635e-05,4.4868118e-02
4720,2.4955181e-05,4.4544178e-02
4730,2.4716605e-05,4.4222569e-02
4740,2.4480866e-05,4.3903277e-02
4750,2.4247921e-05,4.3586284e-02
4760,2.4017729e-05,4.3271573e-02
4770,2.3790252e-05,4.2959129e-02
4780,2.3565448e-05,4.2648935e-02
4790,2.3343278e-05,4.2340975e-02
4800,2.3123706e-05,4.2035233e-02
4810,2.2906692e-05,4.1731694e-02
4820,2.2692201e-05,4.1430341e-02
4830,2.2480195e-05,4.1131158e-02
4840,2.2270639e-05,4.0834131e-02
4850,2.2063497e-05,4.0539244e-02
4860,2.1858736e-05,4.0246482e-02
4870,2.1656320e-05,3.9955828e-02
4880,2.1456217e-05,3.9667269e-02
4890,2.1258394e-05,3.9380789e-02
4900,2.1062818e-05,3.9096373e-02
4910,2.0869458e-05,3.8814007e-02
4920,2.0678281e-05,3.8533676e-02
4930,2.0489258e-05,3.8255364e-02
4940,2.0302358e-05,3.7979059e-02
4950,2.0117552e-05,3.7704745e-02
4960,1.9934809e-05,3.7432408e-02
4970,1.9754102e-05,3.7162034e-02
4980,1.9575402e-05,3.6893609e-02
4990,1.9398680e-05,3.6627118e-02
5000,1.9223911e-05,3.6362549e-02
5010,1.9051065e-05,3.6099887e-02
5020,1.8880118e-05,3.5839119e-02
5030,1.8711043e-05,3.5580230e-02
5040,1.8543815e-05,3.5323208e-02
5050,1.8378407e-05,3.5068039e-02
5060,1.8214796e-05,3.4814710e-02
5070,1.8052956e-05,3.4563208e-02
5080,1.7892864e-05,3.4313519e-02
5090,1.7734496e-05,3.4065630e-02
5100,1.7577829e-05,3.3819529e-02
5110,1.7422840e-05,3.3575203e-02
5120,1.7269506e-05,3.3332639e-02
5130,1.7117805e-05,3.3091824e-02
5140,1.6967716e-05,3.2852746e-02
5150,1.6819216e-05,3.2615393e-02
5160,1.6672285e-05,3.2379751e-02
5170,1.6526902e-05,3.2145809e-02
5180,1.6383046e-05,3.1913554e-02
5190,1.6240698e-05,3.1682975e-02
5200,1.6099837e-05,3.1454059e-02
5206,1.0457745e-05,3.1454059e-02

0,inf,9.9966738e-01
10,1.8684596e-01,9.9852026e-01
20,4.0164525e+00,9.9763534e-01
30,4.5165299e-02,9.9684394e-01
40,4.3448928e-02,9.9608953e-01
50,4.3267040e-02,9.9534358e-01
60,4.9877815e-02,9.9459897e-01
70,3.8432216e-02,9.9385518e-01
80,9.4384557e-03,9.9311172e-01
90,1.8295824e-02,9.9236656e-01
100,1.8855057e-02,9.9161640e-01
110,1.7301159e-02,9.9085730e-01
120,1.7229256e-02,9.9008523e-01
130,1.7201685e-02,9.8929637e-01
140,1.7243541e-02,9.8848730e-01
150,1.7396900e-02,9.8765507e-01
160,1.6008779e-02,9.8679719e-01
170,1.6012728e-02,9.8591154e-01
180,1.6048625e-02,9.8499637e-01
190,1.6137655e-02,9.8405022e-01
200,1.6335460e-02,9.8307186e-01
210,1.6844166e-02,9.8206023e-01
220,1.9388392e-02,9.8101445e-01
230,1.0954368e-02,9.7993372e-01
240,1.3984589e-02,9.7881732e-01
250,1.4549469e-02,9.7766460e-01
260,9.8879101e-03,9.7647494e-01
270,1.0086956e-02,9.7524774e-01
280,1.0381854e-02,9.7398239e-01
290,9.2312336e-03,9.7267830e-01
300,8.8428499e-03,9.7133486e-01
310,9.0948288e-03,9.6995144e-01
320,9.4644665e-03,9.6852740e-01
330,1.0010666e-02,9.6706207e-01
340,7.9774001e-03,9.6555476e-01
350,8.2717422e-03,9.6400476e-01
360,8.6979246e-03,9.6241131e-01
370,9.3277430e-03,9.6077366e-01
380,1.0296217e-02,9.5909101e-01
390,7.2173681e-03,9.5736257e-01
400,7.5023657e-03,9.5558751e-01
410,7.8849399e-03,9.5376498e-01
420,8.4017969e-03,9.5189413e-01
430,9.1093170e-03,9.4997411e-01
440,1.0098760e-02,9.4800403e-01
450,6.1716846e-03,9.4598303e-01
460,6.2853100e-03,9.4391022e-01
470,6.4159435e-03,9.4178475e-01
480,6.5642548e-03,9.3960573e-01
490,6.7308737e-03,9.3737233e-01
500,6.9164502e-03,9.3508370e-01
510,7.1217326e-03,9.3273900e-01
520,5.2986436e-03,9.3033745e-01
530,5.3364512e-03,9.2787826e-01
540,5.3791545e-03,9.2536067e-01
550,5.4269651e-03,9.2278396e-01
560,5.4801328e-03,9.2014744e-01
570,5.5389530e-03,9.1745047e-01
580,5.6037753e-03,9.1469243e-01
590,5.6750131e-03,9.1187275e-01
600,5.7531522e-03,9.0899091e-01
610,4.8675189e-03,9.0604645e-01
620,4.8972007e-03,9.0303894e-01
630,4.9308593e-03,8.9996802e-01
640,4.9687479e-03,8.9683339e-01
650,5.0111510e-03,8.9363480e-01
660,5.0583892e-03,8.9037207e-01
670,5.1108254e-03,8.8704509e-01
680,5.1688713e-03,8.8365381e-01
690,5.2329958e-03,8.8019825e-01
700,5.3037346e-03,8.7667851e-01
710,5.3817028e-03,8.7309475e-01
720,5.4676074e-03,8.6944721e-01
730,5.5622664e-03,8.6573622e-01
740,5.6666294e-03,8.6196215e-01
750,5.7818051e-03,8.5812549e-01
760,5.9090943e-03,8.5422679e-01
770,6.0500323e-03,8.5026666e-01
780,6.2064437e-03,8.4624582e-01
790,6.3805128e-03,8.4216504e-01
800,6.5748750e-03,8.3802519e-01
810,6.7927379e-03,8.3382721e-01
820,7.0380445e-03,8.2957211e-01
830,7.3156984e-03,8.2526098e-01
840,7.6318675e-03,8.2089498e-01
850,7.9944224e-03,8.1647535e-01
860,6.0406107e-03,8.1200339e-01
870,6.2282589e-03,8.0748048e-01
880,6.4389273e-03,8.0290805e-01
890,6.6765334e-03,7.9828760e-01
900,6.9459586e-03,7.9362070e-01
910,7.2533676e-03,7.8890896e-01
920,7.6066603e-03,7.8415406e-01
930,8.0161144e-03,7.7935772e-01
940,8.4953606e-03,7.7452171e-01
950,9.0628731e-03,7.6964785e-01
960,9.7443096e-03,7.6473799e-01
970,1.0576417e-02,7.5979403e-01
980,1.1613670e-02,7.5481789e-01
990,1.2940510e-02,7.4981152e-01
1000,1.8174416e-01,7.4477690e-01
1010,5.6718728e-02,7.3971603e-01
1020,3.3014881e-02,7.3463092e-01
1030,2.2988255e-02,7.2952359e-01
1040,1.7455845e-02,7.2439609e-01
1050,1.3951891e-02,7.1925045e-01
1060,1.1535514e-02,7.1408871e-01
1070,9.7697657e-03,7.0891290e-01
1080,8.4240943e-03,7.0372506e-01
1090,7.3653730e-03,6.9852720e-01
1100,6.5113116e-03,6.9332133e-01
1110,5.8083559e-03,6.8810943e-01
1120,5.2201167e-03,6.8289346e-01
1130,4.7210031e-03,6.7767535e-01
1140,4.2925328e-03,6.7245703e-01
1150,3.9209750e-03,6.6724037e-01
1160,3.5959401e-03,6.6202722e-01
1170,3.3094173e-03,6.5681938e-01
1180,3.0551393e-03,6.5161863e-01
1190,2.8281260e-03,6.4642670e-01
1200,2.6243621e-03,6.4124528e-01
1210,2.4405860e-03,6.3607601e-01
1220,2.2741200e-03,6.3092049e-01
1230,2.1227404e-03,6.2578028e-01
1240,1.9845826e-03,6.2065686e-01
1250,1.8580809e-03,6.1555170e-01
1260,1.7419074e-03,6.1046619e-01
1270,1.6349217e-03,6.0540168e-01
1280,1.5361482e-03,6.0035947e-01
1290,1.4447418e-03,5.9534079e-01
1300,1.3599719e-03,5.9034685e-01
1310,1.2811988e-03,5.8537877e-01
1320,1.2078574e-03,5.8043764e-01
1330,1.1394556e-03,5.7552449e-01
1340,1.0755588e-03,5.7064028e-01
1350,1.0157777e-03,5.6578596e-01
1360,9.5976839e-04,5.6096237e-01
1370,9.0722258e-04,5.5617036e-01
1380,8.5786294e-04,5.5141067e-01
1390,8.1144605e-04,5.4668404e-01
1400,3.9990266e+00,5.4199112e-01
1410,4.7413430e-04,5.3733255e-01
1420,4.4819738e-04,5.3270888e-01
1430,4.2355267e-04,5.2812065e-01
1440,4.0012355e-04,5.2356834e-01
1450,3.7784007e-04,5.1905238e-01
1460,3.5663612e-04,5.1457316e-01
1470,3.3645020e-04,5.1013104e-01
1480,3.1722614e-04,5.0572633e-01
1490,2.9891157e-04,5.0135930e-01
1500,2.8145551e-04,4.9703018e-01
1510,2.6481380e-04,4.9273918e-01
1520,2.4894243e-04,4.8848644e-01
1530,2.3380124e-04,4.8427211e-01
1540,2.1935327e-04,4.8009627e-01
1550,2.0556260e-04,4.7595898e-01
1560,1.9239650e-04,4.7186030e-01
1570,1.7982268e-04,4.6780021e-01
1580,1.6781368e-04,4.6377871e-01
1590,1.5634057e-04,4.5979573e-01
1600,1.4537743e-04,4.5585121e-01
1610,1.3490142e-04,4.5194506e-01
1620,1.2488686e-04,4.4807715e-01
1630,1.1531467e-04,4.4424735e-01
1640,1.0616279e-04,4.4045550e-01
1650,9.7411935e-05,4.3670142e-01
1660,8.9044552e-05,4.3298492e-01
1670,8.1041863e-05,4.2930578e-01
1680,7.3388748e-05,4.2566378e-01
1690,1.4618040e-03,4.2205867e-01
1700,1.3124466e-05,4.1849021e-01
1710,1.7470520e-05,4.1495813e-01
1720,2.1622531e-05,4.1146214e-01
1730,2.5587934e-05,4.0800196e-01
1740,2.9375665e-05,4.0457729e-01
1750,3.2991757e-05,4.0118782e-01
1760,3.6441457e-05,3.9783324e-01
1770,3.9735098e-05,3.9451322e-01
1780,4.2875577e-05,3.9122743e-01
1790,4.5870115e-05,3.8797554e-01
1800,4.8725148e-05,3.8475721e-01
1810,5.1445093e-05,3.8157208e-01
1820,5.4035627e-05,3.7841982e-01
1830,5.6502173e-05,3.7530006e-01
1840,5.8848673e-05,3.7221245e-01
1850,6.1080812e-05,3.6915664e-01
1860,6.3202068e-05,3.6613226e-01
1870,6.5217165e-05,3.6313895e-01
1880,6.7129623e-05,3.6017635e-01
1890,6.8944439e-05,3.5724410e-01
1900,7.0664445e-05,3.5434183e-01
1910,7.2294191e-05,3.5146918e-01
1920,7.3836079e-05,3.4862578e-01
1930,7.5293981e-05,3.4581129e-01
1940,7.6670835e-05,3.4302533e-01
1950,7.7970557e-05,3.4026754e-01
1960,7.9195186e-05,3.3753758e-01
1970,8.0347501e-05,3.3483509e-01
1980,8.1430076e-05,3.3215971e-01
1990,8.2447159e-05,3.2951109e-01
2000,8.3399018e-05,3.2688889e-01
2010,8.4290653e-05,3.2429276e-01
2020,8.5120989e-05,3.2172237e-01
2030,8.5895541e-05,3.1917737e-01
2040,8.6613998e-05,3.1665742e-01
2050,8.7280513e-05,3.1416220e-01
2060,8.7896231e-05,3.1169138e-01
2070,8.8461861e-05,3.0924464e-01
2080,8.8981158e-05,3.0682165e-01
2090,8.9454648e-05,3.0442210e-01
2100,8.9885200e-05,3.0204567e-01
2110,9.0273619e-05,2.9969206e-01
2120,9.0620737e-05,2.9736096e-01
2130,9.0929947e-05,2.9505207e-01
2140,9.1201428e-05,2.9276510e-01
2150,9.1436998e-05,2.9049975e-01
2160,9.1637799e-05,2.8825573e-01
2170,7.9878655e-04,2.8603277e-01
2180,1.1112625e-04,2.8383057e-01
2190,1.1078411e-04,2.8164887e-01
2200,1.1042406e-04,2.7948739e-01
2210,1.1004745e-04,2.7734587e-01
2220,1.0965542e-04,2.7522404e-01
2230,1.0924766e-04,2.7312165e-01
2240,1.0882580e-04,2.7103843e-01
2250,1.0838953e-04,2.6897414e-01
2260,1.0793999e-04,2.6692853e-01
2270,1.0747786e-04,2.6490136e-01
2280,1.0700378e-04,2.6289239e-01
2290,1.0651722e-04,2.6090138e-01
2300,1.0602004e-04,2.5892811e-01
2310,1.0551170e-04,2.5697235e-01
2320,1.0499308e-04,2.5503387e-01
2330,1.0446559e-04,2.5311245e-01
2340,1.0392866e-04,2.5120789e-01
2350,1.0338244e-04,2.4931996e-01
2360,1.0282857e-04,2.4744846e-01
2370,1.0226621e-04,2.4559319e-01
2380,8.9535169e-05,2.4375394e-01
2390,8.9224871e-05,2.4193051e-01
2400,8.8900994e-05,2.4012272e-01
2410,8.8564704e-05,2.3833037e-01
2420,8.8216940e-05,2.3655328e-01
2430,8.7857242e-05,2.3479125e-01
2440,8.7487252e-05,2.3304412e-01
2450,8.7105573e-05,2.3131170e-01
2460,8.6714784e-05,2.2959381e-01
2470,8.6314892e-05,2.2789029e-01
2480,8.5905666e-05,2.2620097e-01
2490,8.5487575e-05,2.2452568e-01
2500,8.5061322e-05,2.2286427e-01
2510,8.4626902e-05,2.2121656e-01
2520,8.4185251e-05,2.1958240e-01
2530,8.3736593e-05,2.1796165e-01
2540,8.3281625e-05,2.1635414e-01
2550,8.2819372e-05,2.1475974e-01
2560,8.2351473e-05,2.1317828e-01
2570,8.1878137e-05,2.1160964e-01
2580,8.1398606e-05,2.1005366e-01
2590,8.0913552e-05,2.0851022e-01
2600,8.0424851e-05,2.0697916e-01
2610,7.9931485e-05,2.0546037e-01
2620,7.9433145e-05,2.0395370e-01
2630,7.8931455e-05,2.0245904e-01
2640,7.8426098e-05,2.0097624e-01
2650,7.7916007e-05,1.9950519e-01
2660,7.7403774e-05,1.9804576e-01
2670,7.6887828e-05,1.9659784e-01
2680,7.6369038e-05,1.9516129e-01
2690,7.5848023e-05,1.9373602e-01
2700,7.5323912e-05,1.9232189e-01
2710,7.4798301e-05,1.9091880e-01
2720,7.4270299e-05,1.8952664e-01
2730,7.3740243e-05,1.8814529e-01
2740,7.3208968e-05,1.8677466e-01
2750,7.2675543e-05,1.8541463e-01
2760,7.2141037e-05,1.8406509e-01
2770,7.1605760e-05,1.8272596e-01
2780,7.1069252e-05,1.8139712e-01
2790,7.0531289e-05,1.8007847e-01
2800,6.9993171e-05,1.7876992e-01
2810,6.9454405e-05,1.7747137e-01
2820,6.8915510e-05,1.7618273e-01
2830,6.8375965e-05,1.7490391e-01
2840,6.7836010e-05,1.7363480e-01
2850,6.7296137e-05,1.7237532e-01
2860,6.6756310e-05,1.7112539e-01
2870,6.6216742e-05,1.6988491e-01
2880,6.5677374e-05,1.6865379e-01
2890,6.5138665e-05,1.6743195e-01
2900,6.4600003e-05,1.6621932e-01
2910,6.4062357e-05,1.6501579e-01
2920,5.8710827e-05,1.6382130e-01
2930,5.8264366e-05,1.6263575e-01
2940,5.7818166e-05,1.6145908e-01
2950,5.7371921e-05,1.6029120e-01
2960,5.6924318e-05,1.5913204e-01
2970,5.6477740e-05,1.5798152e-01
2980,5.6030356e-05,1.5683956e-01
2990,5.5583800e-05,1.5570609e-01
3000,5.5136455e-05,1.5458103e-01
3010,5.4690447e-05,1.5346432e-01
3020,5.4243879e-05,1.5235589e-01
3030,5.3798114e-05,1.5125565e-01
3040,5.3353758e-05,1.5016355e-01
3050,5.2909115e-05,1.4907951e-01
3060,5.2464506e-05,1.4800347e-01
3070,5.2021792e-05,1.4693536e-01
3080,5.1579488e-05,1.4587512e-01
3090,5.1137634e-05,1.4482267e-01
3100,5.0697563e-05,1.4377795e-01
3110,5.0258524e-05,1.4274091e-01
3120,4.9820269e-05,1.4171147e-01
3130,4.9382798e-05,1.4068958e-01
3140,4.8947426e-05,1.3967517e-01
3150,4.8511753e-05,1.3866818e-01
3160,4.8078674e-05,1.3766856e-01
3170,4.7646557e-05,1.3667624e-01
3180,4.7216969e-05,1.3569117e-01
3190,4.6787430e-05,1.3471328e-01
3200,4.6359486e-05,1.3374253e-01
3210,4.5934154e-05,1.3277884e-01
3220,4.5509988e-05,1.3182218e-01
3230,4.5087159e-05,1.3087248e-01
3240,4.1145777e-05,1.2992968e-01
3250,4.0786899e-05,1.2899374e-01
3260,4.0428956e-05,1.2806459e-01
3270,4.0072635e-05,1.2714219e-01
3280,3.9716844e-05,1.2622649e-01
3290,3.9362504e-05,1.2531743e-01
3300,3.9009260e-05,1.2441495e-01
3310,3.8657001e-05,1.2351902e-01
3320,3.8306378e-05,1.2262958e-01
3330,3.7957784e-05,1.2174657e-01
3340,3.7609524e-05,1.2086996e-01
3350,3.7263529e-05,1.1999968e-01
3360,3.6918337e-05,1.1913570e-01
3370,3.6575091e-05,1.1827797e-01
3380,3.6232291e-05,1.1742643e-01
3390,3.5892136e-05,1.1658104e-01
3400,3.5553637e-05,1.1574175e-01
3410,3.5216321e-05,1.1490853e-01
3420,3.4880233e-05,1.1408131e-01
3430,3.4546500e-05,1.1326006e-01
3440,3.4214075e-05,1.1244474e-01
3450,3.3883255e-05,1.1163529e-01
3460,3.3553231e-05,1.1083167e-01
3470,3.3226495e-05,1.1003385e-01
3480,3.2900286e-05,1.0924177e-01
3490,3.2576259e-05,1.0845540e-01
3500,3.2253562e-05,1.0767469e-01
3510,3.1933296e-05,1.0689960e-01
3520,3.1614586e-05,1.0613009e-01
3530,3.1297104e-05,1.0536611e-01
3540,2.8171902e-05,1.0460763e-01
3550,2.7904656e-05,1.0385461e-01
3560,2.7637942e-05,1.0310700e-01
3570,2.7373801e-05,1.0236477e-01
3580,2.7110383e-05,1.0162787e-01
3590,2.6849210e-05,1.0089627e-01
3600,2.6588661e-05,1.0016993e-01
3610,2.6329459e-05,9.9448804e-02
3620,2.6072601e-05,9.8732863e-02
3630,2.5815884e-05,9.8022065e-02
3640,2.5561090e-05,9.7316374e-02
3650,2.5308136e-05,9.6615751e-02
3660,2.5056113e-05,9.5920160e-02
3670,2.4806000e-05,9.5229564e-02
3680,2.4557692e-05,9.4543927e-02
3690,2.4310244e-05,9.3863213e-02
3700,2.4064073e-05,9.3187386e-02
3710,2.3819597e-05,9.2516411e-02
3720,2.3576675e-05,9.1850252e-02
3730,2.3336002e-05,9.1188875e-02
3740,2.3096016e-05,9.0532245e-02
3750,2.2857391e-05,8.9880327e-02
3760,2.2621380e-05,8.9233089e-02
3770,2.2386383e-05,8.8590494e-02
3780,2.2152781e-05,8.7952512e-02
3790,2.1920956e-05,8.7319107e-02
3800,2.1689542e-05,8.6690247e-02
3810,2.1460658e-05,8.6065900e-02
3820,2.1232921e-05,8.5446032e-02
3830,2.1007286e-05,8.4830612e-02
3840,2.0782933e-05,8.4219608e-02
3850,3.9990307e+00,8.3612987e-02
3860,1.8130559e-05,8.3010719e-02
3870,1.7946683e-05,8.2412771e-02
3880,1.7764809e-05,8.1819114e-02
3890,1.7583381e-05,8.1229716e-02
3900,1.7402711e-05,8.0644546e-02
3910,1.7223927e-05,8.0063575e-02
3920,1.7046530e-05,7.9486772e-02
3930,1.6870006e-05,7.8914108e-02
3940,1.6695209e-05,7.8345552e-02
3950,1.6521058e-05,7.7781076e-02
3960,1.6348122e-05,7.7220649e-02
3970,1.6176696e-05,7.6664244e-02
3980,1.6005379e-05,7.6111830e-02
3990,1.5836149e-05,7.5563381e-02
4000,1.5667875e-05,7.5018867e-02
4010,1.5500834e-05,7.4478260e-02
4020,1.5335016e-05,7.3941533e-02
4030,1.5170695e-05,7.3408657e-02
4040,1.5006685e-05,7.2879605e-02
4050,1.4844418e-05,7.2354349e-02
4060,1.4684461e-05,7.1832864e-02
4070,1.4524422e-05,7.1315121e-02
4080,1.4365133e-05,7.0801094e-02
4090,1.4208347e-05,7.0290756e-02
4100,1.4051921e-05,6.9784081e-02
4110,1.3896394e-05,6.9281043e-02
4120,1.3742313e-05,6.8781617e-02
4130,1.3589311e-05,6.8285775e-02
4140,1.3437938e-05,6.7793493e-02
4150,1.3287815e-05,6.7304745e-02
4160,1.3138868e-05,6.6819506e-02
4170,1.2990385e-05,6.6337750e-02
4180,1.2843846e-05,6.5859454e-02
4190,1.2698223e-05,6.5384593e-02
4200,6.4542542e-05,6.4913141e-02
4210,1.0739893e-05,6.4445074e-02
4220,1.0625442e-05,6.3980369e-02
4230,1.0511989e-05,6.3519002e-02
4240,1.0398882e-05,6.3060947e-02
4250,1.0287442e-05,6.2606183e-02
4254,1.0254595e-05,6.2606183e-02

0,8.6446014e-01,9.9966738e-01
10,1.2341170e-01,9.9852026e-01
20,6.8531742e-02,9.9763534e-01
30,4.7784817e-02,9.9684394e-01
40,3.7794462e-02,9.9608953e-01
50,3.1661453e-02,9.9534358e-01
60,2.7288298e-02,9.9459897e-01
70,2.3971047e-02,9.9385518e-01
80,2.1403293e-02,9.9311172e-01
90,1.9401299e-02,9.9236656e-01
100,1.7831296e-02,9.9161640e-01
110,1.6589758e-02,9.9085730e-01
120,1.5596311e-02,9.9008523e-01
130,1.4789332e-02,9.8929637e-01
140,1.4122226e-02,9.8848730e-01
150,1.3560158e-02,9.8765507e-01
160,1.3077311e-02,9.8679719e-01
170,1.2654663e-02,9.8591154e-01
180,1.2278255e-02,9.8499637e-01
190,1.1937865e-02,9.8405022e-01
200,1.1626015e-02,9.8307186e-01
210,1.1337230e-02,9.8206023e-01
220,1.1067487e-02,9.8101445e-01
230,1.0813824e-02,9.7993372e-01
240,1.0574035e-02,9.7881732e-01
250,1.0346467e-02,9.7766460e-01
260,1.0129857e-02,9.7647494e-01
270,9.9232268e-03,9.7524774e-01
280,9.7257956e-03,9.7398239e-01
290,9.5369259e-03,9.7267830e-01
300,9.3560805e-03,9.7133486e-01
310,9.1827933e-03,9.6995144e-01
320,9.0166482e-03,9.6852740e-01
330,8.8572652e-03,9.6706207e-01
340,8.7042896e-03,9.6555476e-01
350,8.5573861e-03,9.6400476e-01
360,8.4162339e-03,9.6241131e-01
370,8.2805240e-03,9.6077366e-01
380,8.1499575e-03,9.5909101e-01
390,8.0242447e-03,9.5736257e-01
400,7.9031046e-03,9.5558751e-01
410,7.7862648e-03,9.5376498e-01
420,7.6734617e-03,9.5189413e-01
430,7.5644406e-03,9.4997411e-01
440,7.4589556e-03,9.4800403e-01
450,7.3567703e-03,9.4598303e-01
460,7.2576579e-03,9.4391022e-01
470,7.1614010e-03,9.4178475e-01
480,7.0677920e-03,9.3960573e-01
490,6.9766331e-03,9.3737233e-01
500,6.8877362e-03,9.3508370e-01
510,6.8009230e-03,9.3273900e-01
520,6.7160247e-03,9.3033745e-01
530,6.6328821e-03,9.2787826e-01
540,6.5513451e-03,9.2536067e-01
550,6.4712729e-03,9.2278396e-01
560,6.3925335e-03,9.2014744e-01
570,6.3150035e-03,9.1745047e-01
580,6.2385678e-03,9.1469243e-01
590,6.1631195e-03,9.1187275e-01
600,6.0885595e-03,9.0899091e-01
610,6.0147962e-03,9.0604645e-01
620,5.9417453e-03,9.0303894e-01
630,5.8693294e-03,8.9996802e-01
640,5.7974778e-03,8.9683339e-01
650,5.7261261e-03,8.9363480e-01
660,5.6552162e-03,8.9037207e-01
670,5.5846957e-03,8.8704509e-01
680,5.5145179e-03,8.8365381e-01
690,5.4446412e-03,8.8019825e-01
700,5.3750291e-03,8.7667851e-01
710,5.3056502e-03,8.7309475e-01
720,5.2364771e-03,8.6944721e-01
730,5.1674873e-03,8.6573622e-01
740,5.0986619e-03,8.6196215e-01
750,5.0299862e-03,8.5812549e-01
760,4.9614488e-03,8.5422679e-01
770,4.8930421e-03,8.5026666e-01
780,4.8247614e-03,8.4624582e-01
790,4.7566052e-03,8.4216504e-01
800,4.6885745e-03,8.3802519e-01
810,4.6206734e-03,8.3382721e-01
820,4.5529079e-03,8.2957211e-01
830,4.4852865e-03,8.2526098e-01
840,4.4178199e-03,8.2089498e-01
850,4.3505202e-03,8.1647535e-01
860,4.2834018e-03,8.1200339e-01
870,4.2164801e-03,8.0748048e-01
880,4.1497722e-03,8.0290805e-01
890,4.0832963e-03,7.9828760e-01
900,4.0170716e-03,7.9362070e-01
910,3.9511185e-03,7.8890896e-01
920,3.8854579e-03,7.8415406e-01
930,3.8201114e-03,7.7935772e-01
940,3.7551010e-03,7.7452171e-01
950,3.6904494e-03,7.6964785e-01
960,3.6261791e-03,7.6473799e-01
970,3.5623132e-03,7.5979403e-01
980,3.4988744e-03,7.5481789e-01
990,3.4358856e-03,7.4981152e-01
1000,3.3733693e-03,7.4477690e-01
1010,3.3113480e-03,7.3971603e-01
1020,3.2498436e-03,7.3463092e-01
1030,3.1888776e-03,7.2952359e-01
1040,3.1284709e-03,7.2439609e-01
1050,3.0686440e-03,7.1925045e-01
1060,3.0094165e-03,7.1408871e-01
1070,2.9508075e-03,7.0891290e-01
1080,2.8928351e-03,7.0372506e-01
1090,2.8355167e-03,6.9852720e-01
1100,2.7788689e-03,6.9332133e-01
1110,2.7229073e-03,6.8810943e-01
1120,2.6676464e-03,6.8289346e-01
1130,2.6131001e-03,6.7767535e-01
1140,2.5592811e-03,6.7245703e-01
1150,2.5062011e-03,6.6724037e-01
1160,2.4538709e-03,6.6202722e-01
1170,2.4023001e-03,6.5681938e-01
1180,2.3514975e-03,6.5161863e-01
1190,2.3014709e-03,6.4642670e-01
1200,2.2522268e-03,6.4124528e-01
1210,2.2037710e-03,6.3607601e-01
1220,2.1561082e-03,6.3092049e-01
1230,2.1092423e-03,6.2578028e-01
1240,2.0631759e-03,6.2065686e-01
1250,2.0179111e-03,6.1555170e-01
1260,1.9734487e-03,6.1046619e-01
1270,1.9297890e-03,6.0540168e-01
1280,1.8869312e-03,6.0035947e-01
1290,1.8448738e-03,5.9534079e-01
1300,1.8036144e-03,5.9034685e-01
1310,1.7631501e-03,5.8537877e-01
1320,1.7234769e-03,5.8043764e-01
1330,1.6845905e-03,5.7552449e-01
1340,1.6464858e-03,5.7064028e-01
1350,1.6091569e-03,5.6578596e-01
1360,1.5725976e-03,5.6096237e-01
1370,1.5368009e-03,5.5617036e-01
1380,1.5017597e-03,5.5141067e-01
1390,1.4674658e-03,5.4668404e-01
1400,1.4339112e-03,5.4199112e-01
1410,1.4010870e-03,5.3733255e-01
1420,1.3689843e-03,5.3270888e-01
1430,1.3375934e-03,5.2812065e-01
1440,1.3069048e-03,5.2356834e-01
1450,1.2769084e-03,5.1905238e-01
1460,1.2475938e-03,5.1457316e-01
1470,1.2189507e-03,5.1013104e-01
1480,1.1909682e-03,5.0572633e-01
1490,1.1636356e-03,5.0135930e-01
1500,1.1369417e-03,4.9703018e-01
1510,1.1108755e-03,4.9273918e-01
1520,1.0854256e-03,4.8848644e-01
1530,1.0605809e-03,4.8427211e-01
1540,1.0363298e-03,4.8009627e-01
1550,1.0126611e-03,4.7595898e-01
1560,9.8956321e-04,4.7186030e-01
1570,9.6702478e-04,4.6780021e-01
1580,9.4503439e-04,4.6377871e-01
1590,9.2358069e-04,4.5979573e-01
1600,9.0265234e-04,4.5585121e-01
1610,8.8223809e-04,4.5194506e-01
1620,8.6232675e-04,4.4807715e-01
1630,8.4290723e-04,4.4424735e-01
1640,8.2396854e-04,4.4045550e-01
1650,8.0549978e-04,4.3670142e-01
1660,7.8749019e-04,4.3298492e-01
1670,7.6992911e-04,4.2930578e-01
1680,7.5280603e-04,4.2566378e-01
1690,7.3611059e-04,4.2205867e-01
1700,7.1983255e-04,4.1849021e-01
1710,7.0396185e-04,4.1495813e-01
1720,6.8848855e-04,4.1146214e-01
1730,6.7340292e-04,4.0800196e-01
1740,6.5869534e-04,4.0457729e-01
1750,6.4435640e-04,4.0118782e-01
1760,6.3037685e-04,3.9783324e-01
1770,6.1674759e-04,3.9451322e-01
1780,6.0345972e-04,3.9122743e-01
1790,5.9050451e-04,3.8797554e-01
1800,5.7787340e-04,3.8475721e-01
1810,5.6555800e-04,3.8157208e-01
1820,5.5355011e-04,3.7841982e-01
1830,5.4184170e-04,3.7530006e-01
1840,5.3042492e-04,3.7221245e-01
1850,5.1929208e-04,3.6915664e-01
1860,5.0843569e-04,3.6613226e-01
1870,4.9784842e-04,3.6313895e-01
1880,4.8752309e-04,3.6017635e-01
1890,4.7745273e-04,3.5724410e-01
1900,4.6763051e-04,3.5434183e-01
1910,4.5804977e-04,3.5146918e-01
1920,4.4870402e-04,3.4862578e-01
1930,4.3958694e-04,3.4581129e-01
1940,4.3069234e-04,3.4302533e-01
1950,4.2201421e-04,3.4026754e-01
1960,4.1354670e-04,3.3753758e-01
1970,4.0528409e-04,3.3483509e-01
1980,3.9722082e-04,3.3215971e-01
1990,3.8935148e-04,3.2951109e-01
2000,3.8167081e-04,3.2688889e-01
2010,3.7417366e-04,3.2429276e-01
2020,3.6685506e-04,3.2172237e-01
2030,3.5971013e-04,3.1917737e-01
2040,3.5273417e-04,3.1665742e-01
2050,3.4592257e-04,3.1416220e-01
2060,3.3927087e-04,3.1169138e-01
2070,3.3277472e-04,3.0924464e-01
2080,3.2642989e-04,3.0682165e-01
2090,3.2023229e-04,3.0442210e-01
2100,3.1417793e-04,3.0204567e-01
2110,3.0826292e-04,2.9969206e-01
2120,3.0248349e-04,2.9736096e-01
2130,2.9683599e-04,2.9505207e-01
2140,2.9131686e-04,2.9276510e-01
2150,2.8592264e-04,2.9049975e-01
2160,2.8064997e-04,2.8825573e-01
2170,2.7549560e-04,2.8603277e-01
2180,2.7045636e-04,2.8383057e-01
2190,2.6552917e-04,2.8164887e-01
2200,2.6071105e-04,2.7948739e-01
2210,2.5599910e-04,2.7734587e-01
2220,2.5139050e-04,2.7522404e-01
2230,2.4688251e-04,2.7312165e-01
2240,2.4247249e-04,2.7103843e-01
2250,2.3815785e-04,2.6897414e-01
2260,2.3393610e-04,2.6692853e-01
2270,2.2980480e-04,2.6490136e-01
2280,2.2576160e-04,2.6289239e-01
2290,2.2180420e-04,2.6090138e-01
2300,2.1793038e-04,2.5892811e-01
2310,2.1413799e-04,2.5697235e-01
2320,2.1042493e-04,2.5503387e-01
2330,2.0678917e-04,2.5311245e-01
2340,2.0322873e-04,2.5120789e-01
2350,1.9974170e-04,2.4931996e-01
2360,1.9632621e-04,2.4744846e-01
2370,1.9298046e-04,2.4559319e-01
2380,1.8970269e-04,2.4375394e-01
2390,1.8649121e-04,2.4193051e-01
2400,1.8334435e-04,2.4012272e-01
2410,1.8026051e-04,2.3833037e-01
2420,1.7723814e-04,2.3655328e-01
2430,1.7427572e-04,2.3479125e-01
2440,1.7137178e-04,2.3304412e-01
2450,1.6852489e-04,2.3131170e-01
2460,1.6573366e-04,2.2959381e-01
2470,1.6299675e-04,2.2789029e-01
2480,1.6031286e-04,2.2620097e-01
2490,1.5768070e-04,2.2452568e-01
2500,1.5509905e-04,2.2286427e-01
2510,1.5256671e-04,2.2121656e-01
2520,1.5008251e-04,2.1958240e-01
2530,1.4764532e-04,2.1796165e-01
2540,1.4525404e-04,2.1635414e-01
2550,1.4290761e-04,2.1475974e-01
2560,1.4060497e-04,2.1317828e-01
2570,1.3834513e-04,2.1160964e-01
2580,1.3612711e-04,2.1005366e-01
2590,1.3394994e-04,2.0851022e-01
2600,1.3181270e-04,2.0697916e-01
2610,1.2971449e-04,2.0546037e-01
2620,1.2765444e-04,2.0395370e-01
2630,1.2563168e-04,2.0245904e-01
2640,1.2364540e-04,2.0097624e-01
2650,1.2169478e-04,1.9950519e-01
2660,1.1977904e-04,1.9804576e-01
2670,1.1789742e-04,1.9659784e-01
2680,1.1604917e-04,1.9516129e-01
2690,1.1423357e-04,1.9373602e-01
2700,1.1244992e-04,1.9232189e-01
2710,1.1069754e-04,1.9091880e-01
2720,1.0897575e-04,1.8952664e-01
2730,1.0728391e-04,1.8814529e-01
2740,1.0562139e-04,1.8677466e-01
2750,1.0398757e-04,1.8541463e-01
2760,1.0238186e-04,1.8406509e-01
2770,1.0080366e-04,1.8272596e-01
2780,9.9252420e-05,1.8139712e-01
2790,9.7727576e-05,1.8007847e-01
2800,9.6228592e-05,1.7876992e-01
2810,9.4754942e-05,1.7747137e-01
2820,9.3306115e-05,1.7618273e-01
2830,9.1881610e-05,1.7490391e-01
2840,9.0480941e-05,1.7363480e-01
2850,8.9103634e-05,1.7237532e-01
2860,8.7749226e-05,1.7112539e-01
2870,8.6417266e-05,1.6988491e-01
2880,8.5107314e-05,1.6865379e-01
2890,8.3818941e-05,1.6743195e-01
2900,8.2551728e-05,1.6621932e-01
2910,8.1305267e-05,1.6501579e-01
2920,8.0079158e-05,1.6382130e-01
2930,7.8873014e-05,1.6263575e-01
2940,7.7686454e-05,1.6145908e-01
2950,7.6519107e-05,1.6029120e-01
2960,7.5370611e-05,1.5913204e-01
2970,7.4240613e-05,1.5798152e-01
2980,7.3128768e-05,1.5683956e-01
2990,7.2034739e-05,1.5570609e-01
3000,7.0958195e-05,1.5458103e-01
3010,6.9898816e-05,1.5346432e-01
3020,6.8856286e-05,1.5235589e-01
3030,6.7830300e-05,1.5125565e-01
3040,6.6820555e-05,1.5016355e-01
3050,6.5826759e-05,1.4907951e-01
3060,6.4848625e-05,1.4800347e-01
3070,6.3885872e-05,1.4693536e-01
3080,6.2938225e-05,1.4587512e-01
3090,6.2005416e-05,1.4482267e-01
3100,6.1087183e-05,1.4377795e-01
3110,6.0183269e-05,1.4274091e-01
3120,5.9293422e-05,1.4171147e-01
3130,5.8417397e-05,1.4068958e-01
3140,5.7554953e-05,1.3967517e-01
3150,5.6705855e-05,1.3866818e-01
3160,5.5869872e-05,1.3766856e-01
3170,5.5046778e-05,1.3667624e-01
3180,5.4236352e-05,1.3569117e-01
3190,5.3438378e-05,1.3471328e-01
3200,5.2652645e-05,1.3374253e-01
3210,5.1878944e-05,1.3277884e-01
3220,5.1117073e-05,1.3182218e-01
3230,5.0366831e-05,1.3087248e-01
3240,4.9628024e-05,1.2992968e-01
3250,4.8900462e-05,1.2899374e-01
3260,4.8183955e-05,1.2806459e-01
3270,4.7478321e-05,1.2714219e-01
3280,4.6783380e-05,1.2622649e-01
3290,4.6098955e-05,1.2531743e-01
3300,4.5424873e-05,1.2441495e-01
3310,4.4760964e-05,1.2351902e-01
3320,4.4107063e-05,1.2262958e-01
3330,4.3463005e-05,1.2174657e-01
3340,4.2828631e-05,1.2086996e-01
3350,4.2203784e-05,1.1999968e-01
3360,4.1588310e-05,1.1913570e-01
3370,4.0982057e-05,1.1827797e-01
3380,4.0384877e-05,1.1742643e-01
3390,3.9796626e-05,1.1658104e-01
3400,3.9217159e-05,1.1574175e-01
3410,3.8646337e-05,1.1490853e-01
3420,3.8084023e-05,1.1408131e-01
3430,3.7530081e-05,1.1326006e-01
3440,3.6984378e-05,1.1244474e-01
3450,3.6446785e-05,1.1163529e-01
3460,3.5917174e-05,1.1083167e-01
3470,3.5395418e-05,1.1003385e-01
3480,3.4881396e-05,1.0924177e-01
3490,3.4374985e-05,1.0845540e-01
3500,3.3876067e-05,1.0767469e-01
3510,3.3384526e-05,1.0689960e-01
3520,3.2900245e-05,1.0613009e-01
3530,3.2423113e-05,1.0536611e-01
3540,3.1953018e-05,1.0460763e-01
3550,3.1489852e-05,1.0385461e-01
3560,3.1033508e-05,1.0310700e-01
3570,3.0583881e-05,1.0236477e-01
3580,3.0140868e-05,1.0162787e-01
3590,2.9704366e-05,1.0089627e-01
3600,2.9274276e-05,1.0016993e-01
3610,2.8850500e-05,9.9448804e-02
3620,2.8432941e-05,9.8732863e-02
3630,2.8021505e-05,9.8022065e-02
3640,2.7616098e-05,9.7316374e-02
3650,2.7216629e-05,9.6615751e-02
3660,2.6823007e-05,9.5920160e-02
3670,2.6435144e-05,9.5229564e-02
3680,2.6052953e-05,9.4543927e-02
3690,2.5676348e-05,9.3863213e-02
3700,2.5305244e-05,9.3187386e-02
3710,2.4939559e-05,9.2516411e-02
3720,2.4579211e-05,9.1850252e-02
3730,2.4224120e-05,9.1188875e-02
3740,2.3874206e-05,9.0532245e-02
3750,2.3529393e-05,8.9880327e-02
3760,2.3189603e-05,8.9233089e-02
3770,2.2854762e-05,8.8590494e-02
3780,2.2524796e-05,8.7952512e-02
3790,2.2199631e-05,8.7319107e-02
3800,2.1879196e-05,8.6690247e-02
3810,2.1563421e-05,8.6065900e-02
3820,2.1252237e-05,8.5446032e-02
3830,2.0945574e-05,8.4830612e-02
3840,2.0643366e-05,8.4219608e-02
3850,2.0345547e-05,8.3612987e-02
3860,2.0052052e-05,8.3010719e-02
3870,1.9762816e-05,8.2412771e-02
3880,1.9477777e-05,8.1819114e-02
3890,1.9196872e-05,8.1229716e-02
3900,1.8920040e-05,8.0644546e-02
3910,1.8647222e-05,8.0063575e-02
3920,1.8378358e-05,7.9486772e-02
3930,1.8113389e-05,7.8914108e-02
3940,1.7852259e-05,7.8345552e-02
3950,1.7594911e-05,7.7781076e-02
3960,1.7341289e-05,7.7220649e-02
3970,1.7091338e-05,7.6664244e-02
3980,1.6845005e-05,7.6111830e-02
3990,1.6602236e-05,7.5563381e-02
4000,1.6362979e-05,7.5018867e-02
4010,1.6127183e-05,7.4478260e-02
4020,1.5894797e-05,7.3941533e-02
4030,1.5665771e-05,7.3408657e-02
4040,1.5440056e-05,7.2879605e-02
4050,1.5217603e-05,7.2354349e-02
4060,1.4998364e-05,7.1832864e-02
4070,1.4782293e-05,7.1315121e-02
4080,1.4569344e-05,7.0801094e-02
4090,1.4359471e-05,7.0290756e-02
4100,1.4152628e-05,6.9784081e-02
4110,1.3948773e-05,6.9281043e-02
4120,1.3747860e-05,6.8781617e-02
4130,1.3549848e-05,6.8285775e-02
4140,1.3354695e-05,6.7793493e-02
4150,1.3162357e-05,6.7304745e-02
4160,1.2972795e-05,6.6819506e-02
4170,1.2785969e-05,6.6337750e-02
4180,1.2601838e-05,6.5859454e-02
4190,1.2420362e-05,6.5384593e-02
4200,1.2241505e-05,6.4913141e-02
4210,1.2065227e-05,6.4445074e-02
4220,1.1891492e-05,6.3980369e-02
4230,1.1720261e-05,6.3519002e-02
4240,1.1551500e-05,6.3060947e-02
4250,1.1385171e-05,6.2606183e-02
4260,1.1221240e-05,6.2154686e-02
4270,1.1059673e-05,6.1706431e-02
4280,1.0900434e-05,6.1261397e-02
4290,1.0743490e-05,6.0819560e-02
4300,1.0588808e-05,6.0380897e-02
4310,1.0436355e-05,5.9945385e-02
4320,1.0286099e-05,5.9513003e-02
4330,1.0138008e-05,5.9083728e-02
4340,9.9920503e-06,5.8657537e-02
4350,9.8481956e-06,5.8234409e-02
4360,9.7064132e-06,5.7814322e-02
4370,9.5666732e-06,5.7397254e-02
4380,9.4289461e-06,5.6983183e-02
4390,9.2932028e-06,5.6572089e-02
4400,9.1594146e-06,5.6163950e-02
4410,9.0275533e-06,5.5758744e-02
4420,8.8975909e-06,5.5356452e-02
4430,8.7695002e-06,5.4957051e-02
4440,8.6432540e-06,5.4560522e-02
4450,8.5188258e-06,5.4166844e-02
4460,8.3961892e-06,5.3775997e-02
4470,8.2753184e-06,5.3387961e-02
4480,8.1561880e-06,5.3002714e-02
4490,8.0387728e-06,5.2620239e-02
4500,7.9230480e-06,5.2240514e-02
4510,7.8089894e-06,5.1863520e-02
4520,7.6965728e-06,5.1489237e-02
4530,7.5857745e-06,5.1117647e-02
4540,7.4765713e-06,5.0748730e-02
4550,7.3689401e-06,5.0382466e-02
4560,7.2628583e-06,5.0018838e-02
4570,7.1583034e-06,4.9657826e-02
4580,7.0552536e-06,4.9299411e-02
4590,6.9536871e-06,4.8943575e-02
4598,6.8834617e-06,4.8943575e-02

0,5.6087222e+00,9.9967477e-01
10,1.8685303e-01,9.9855659e-01
20,1.4777024e-02,9.9766140e-01
30,3.5632078e-02,9.9684238e-01
40,4.2450244e-02,9.9605385e-01
50,4.2606932e-02,9.9527050e-01
60,4.0571797e-02,9.9448645e-01
70,7.9615530e+00,9.9370266e-01
80,3.2585731e-02,9.9292036e-01
90,3.0089193e-02,9.9213912e-01
100,2.0161126e-02,9.9135687e-01
110,2.0108607e-02,9.9057048e-01
120,1.8155992e-02,9.8977637e-01
130,1.7968476e-02,9.8897092e-01
140,1.7737254e-02,9.8815074e-01
150,1.7484350e-02,9.8731276e-01
160,1.7223922e-02,9.8645430e-01
170,1.5787453e-02,9.8557306e-01
180,1.5656412e-02,9.8466707e-01
190,1.5527800e-02,9.8373465e-01
200,1.5403690e-02,9.8277434e-01
210,1.5285527e-02,9.8178489e-01
220,1.5174276e-02,9.8076519e-01
230,1.0835909e-02,9.7971426e-01
240,1.0708505e-02,9.7863119e-01
250,9.5210261e-03,9.7751514e-01
260,9.4429398e-03,9.7636531e-01
270,9.3499221e-03,9.7518092e-01
280,9.2451129e-03,9.7396120e-01
290,9.1311295e-03,9.7270540e-01
300,8.2074355e-03,9.7141275e-01
310,8.1241458e-03,9.7008248e-01
320,8.0341468e-03,9.6871380e-01
330,7.9391155e-03,9.6730589e-01
340,7.1585191e-03,9.6585795e-01
350,7.0912694e-03,9.6436913e-01
360,7.0207098e-03,9.6283857e-01
370,6.9477457e-03,9.6126538e-01
380,6.8731121e-03,9.5964867e-01
390,7.9915785e+00,9.5798753e-01
400,6.1950533e-03,9.5628103e-01
410,6.1452188e-03,9.5452823e-01
420,6.0943632e-03,9.5272819e-01
430,6.0427823e-03,9.5087993e-01
440,5.9907139e-03,9.4898251e-01
450,5.5171361e-03,9.4703494e-01
460,5.4868708e-03,9.4503627e-01
470,5.4556320e-03,9.4298554e-01
480,5.4235552e-03,9.4088178e-01
490,5.3907529e-03,9.3872404e-01
500,5.3573187e-03,9.3651139e-01
510,5.3233307e-03,9.3424291e-01
520,4.9928323e-03,9.3191767e-01
530,4.9744814e-03,9.2953481e-01
540,4.9550099e-03,9.2709346e-01
550,4.9344919e-03,9.2459277e-01
560,4.9129942e-03,9.2203195e-01
570,4.8905767e-03,9.1941022e-01
580,4.8672944e-03,9.1672684e-01
590,4.8431972e-03,9.1398112e-01
600,4.8183311e-03,9.1117240e-01
610,4.7927388e-03,9.0830006e-01
620,4.7664598e-03,9.0536355e-01
630,4.5806563e-03,9.0236235e-01
640,4.5630756e-03,8.9929600e-01
650,4.5444737e-03,8.9616410e-01
660,4.5249024e-03,8.9296631e-01
670,4.5044108e-03,8.8970234e-01
680,4.4830456e-03,8.8637197e-01
690,4.4608511e-03,8.8297506e-01
700,4.4378693e-03,8.7951152e-01
710,4.4141406e-03,8.7598134e-01
720,4.3897033e-03,8.7238457e-01
730,4.3645942e-03,8.6872137e-01
740,4.3388485e-03,8.6499193e-01
750,4.3124999e-03,8.6119654e-01
760,4.2855809e-03,8.5733557e-01
770,4.2581225e-03,8.5340948e-01
780,4.2301549e-03,8.4941877e-01
790,4.2017067e-03,8.4536407e-01
800,4.1728059e-03,8.4124605e-01
810,4.1434792e-03,8.3706549e-01
820,4.1137525e-03,8.3282324e-01
830,4.0836509e-03,8.2852023e-01
840,4.0531983e-03,8.2415747e-01
850,4.0224182e-03,8.1973605e-01
860,3.9913331e-03,8.1525713e-01
870,3.9599647e-03,8.1072196e-01
880,3.9283342e-03,8.0613185e-01
890,3.8964620e-03,8.0148819e-01
900,3.8643678e-03,7.9679245e-01
910,3.8320708e-03,7.9204614e-01
920,3.7995893e-03,7.8725087e-01
930,3.7669414e-03,7.8240828e-01
940,3.7341443e-03,7.7752010e-01
950,3.7012149e-03,7.7258808e-01
960,3.6681694e-03,7.6761406e-01
970,3.6350236e-03,7.6259990e-01
980,3.6017925e-03,7.5754752e-01
990,3.5684911e-03,7.5245889e-01
1000,3.5351335e-03,7.4733599e-01
1010,3.5017336e-03,7.4218086e-01
1020,3.4683046e-03,7.3699555e-01
1030,3.4348596e-03,7.3178215e-01
1040,3.4014109e-03,7.2654277e-01
1050,3.3679707e-03,7.2127952e-01
1060,3.3345506e-03,7.1599455e-01
1070,3.3011619e-03,7.1068999e-01
1080,3.2678154e-03,7.0536799e-01
1090,3.2345217e-03,7.0003070e-01
1100,3.2012909e-03,6.9468027e-01
1110,3.1681328e-03,6.8931882e-01
1120,3.1350567e-03,6.8394848e-01
1130,3.1020719e-03,6.7857136e-01
1140,3.0691870e-03,6.7318955e-01
1150,3.0364104e-03,6.6780511e-01
1160,3.0037503e-03,6.6242009e-01
1170,2.9712145e-03,6.5703649e-01
1180,2.9388104e-03,6.5165629e-01
1190,2.9065452e-03,6.4628143e-01
1200,2.8744260e-03,6.4091382e-01
1210,2.8424592e-03,6.3555532e-01
1220,2.8106512e-03,6.3020776e-01
1230,2.7790081e-03,6.2487290e-01
1240,2.7475357e-03,6.1955248e-01
1250,2.7162396e-03,6.1424818e-01
1260,2.6851250e-03,6.0896163e-01
1270,2.6541971e-03,6.0369440e-01
1280,2.6234606e-03,5.9844802e-01
1290,2.5929201e-03,5.9322396e-01
1300,2.5625800e-03,5.8802364e-01
1310,2.5324444e-03,5.8284842e-01
1320,2.5025172e-03,5.7769960e-01
1330,2.4728022e-03,5.7257843e-01
1340,2.4433028e-03,5.6748610e-01
1350,2.4140223e-03,5.6242374e-01
1360,2.3849639e-03,5.5739243e-01
1370,2.3561304e-03,5.5239320e-01
1380,2.3275245e-03,5.4742701e-01
1390,2.2991489e-03,5.4249477e-01
1400,2.2710058e-03,5.3759733e-01
1410,2.2430975e-03,5.3273550e-01
1420,2.2154260e-03,5.2791002e-01
1430,2.1879931e-03,5.2312158e-01
1440,2.1218436e-03,5.1837083e-01
1450,2.0953728e-03,5.1365836e-01
1460,2.0691607e-03,5.0898471e-01
1470,2.0432075e-03,5.0435038e-01
1480,2.0175134e-03,4.9975581e-01
1490,1.9920785e-03,4.9520140e-01
1500,1.9669028e-03,4.9068752e-01
1510,1.9419863e-03,4.8621446e-01
1520,1.9173287e-03,4.8178251e-01
1530,1.8929298e-03,4.7739189e-01
1540,1.8687891e-03,4.7304280e-01
1550,1.8449061e-03,4.6873539e-01
1560,1.8212804e-03,4.6446977e-01
1570,1.7979113e-03,4.6024604e-01
1580,1.7747980e-03,4.5606423e-01
1590,1.7519398e-03,4.5192436e-01
1600,1.7293358e-03,4.4782642e-01
1610,1.7069850e-03,4.4377037e-01
1620,1.6848865e-03,4.3975614e-01
1630,1.6630392e-03,4.3578362e-01
1640,1.6414420e-03,4.3185270e-01
1650,1.6200936e-03,4.2796323e-01
1660,1.5989928e-03,4.2411503e-01
1670,1.5781384e-03,4.2030792e-01
1680,1.5575289e-03,4.1654169e-01
1690,1.5371631e-03,4.1281610e-01
1700,1.5170393e-03,4.0913092e-01
1710,1.4971562e-03,4.0548586e-01
1720,1.4775122e-03,4.0188066e-01
1730,1.4581057e-03,3.9831502e-01
1740,1.4389351e-03,3.9478863e-01
1750,1.3921233e-03,3.9130117e-01
1760,1.3741410e-03,3.8785231e-01
1770,1.3563857e-03,3.8444170e-01
1780,1.3388554e-03,3.8106900e-01
1790,1.3215480e-03,3.7773384e-01
1800,1.3044614e-03,3.7443586e-01
1810,1.2875937e-03,3.7117467e-01
1820,1.2709426e-03,3.6794990e-01
1830,1.2545062e-03,3.6476116e-01
1840,1.2382823e-03,3.6160805e-01
1850,1.2222688e-03,3.5849017e-01
1860,1.2064636e-03,3.5540714e-01
1870,1.1908646e-03,3.5235853e-01
1880,1.1754697e-03,3.4934395e-01
1890,1.1602768e-03,3.4636298e-01
1900,1.1452837e-03,3.4341522e-01
1910,1.1304883e-03,3.4050026e-01
1920,1.1158886e-03,3.3761767e-01
1930,1.1014823e-03,3.3476706e-01
1940,1.0872675e-03,3.3194802e-01
1950,1.0732419e-03,3.2916012e-01
1960,1.0594035e-03,3.2640296e-01
1970,1.0457501e-03,3.2367613e-01
1980,1.0322798e-03,3.2097924e-01
1990,1.0189903e-03,3.1831186e-01
2000,1.0058797e-03,3.1567361e-01
2010,9.9294583e-04,3.1306408e-01
2020,9.8018664e-04,3.1048287e-01
2030,9.6760009e-04,3.0792960e-01
2040,9.5518414e-04,3.0540387e-01
2050,9.4293675e-04,3.0290530e-01
2060,9.3085590e-04,3.0043350e-01
2070,9.1893957e-04,2.9798810e-01
2080,9.0718578e-04,2.9556872e-01
2090,8.9559253e-04,2.9317499e-01
2100,8.8415784e-04,2.9080654e-01
2110,8.7287976e-04,2.8846301e-01
2120,8.6175633e-04,2.8614405e-01
2130,8.5078562e-04,2.8384929e-01
2140,8.3996571e-04,2.8157839e-01
2150,8.2929470e-04,2.7933101e-01
2160,8.1877068e-04,2.7710680e-01
2170,8.0839177e-04,2.7490544e-01
2180,7.9815613e-04,2.7272658e-01
2190,7.8806189e-04,2.7056991e-01
2200,7.7810722e-04,2.6843511e-01
2210,7.6829031e-04,2.6632185e-01
2220,7.5860936e-04,2.6422983e-01
2230,7.4906257e-04,2.6215874e-01
2240,7.3964819e-04,2.6010828e-01
2250,7.3036445e-04,2.5807815e-01
2260,7.2120962e-04,2.5606806e-01
2270,7.1218198e-04,2.5407772e-01
2280,7.0327982e-04,2.5210685e-01
2290,6.9450147e-04,2.5015518e-01
2300,6.8584524e-04,2.4822242e-01
2310,6.7730948e-04,2.4630832e-01
2320,6.6889256e-04,2.4441260e-01
2330,6.6059286e-04,2.4253501e-01
2340,6.5240877e-04,2.4067529e-01
2350,6.4433871e-04,2.3883319e-01
2360,6.3638111e-04,2.3700847e-01
2370,6.2853442e-04,2.3520088e-01
2380,6.2079710e-04,2.3341019e-01
2390,6.1316763e-04,2.3163616e-01
2400,6.0564452e-04,2.2987857e-01
2410,5.9822628e-04,2.2813718e-01
2420,5.9091144e-04,2.2641179e-01
2430,5.8369856e-04,2.2470216e-01
2440,5.7658619e-04,2.2300810e-01
2450,5.6957293e-04,2.2132938e-01
2460,5.6265737e-04,2.1966581e-01
2470,5.5583813e-04,2.1801718e-01
2480,5.4911385e-04,2.1638330e-01
2490,5.4248317e-04,2.1476396e-01
2500,5.3594476e-04,2.1315899e-01
2510,5.2949731e-04,2.1156820e-01
2520,5.2313951e-04,2.0999139e-01
2530,5.1687008e-04,2.0842840e-01
2540,5.1068774e-04,2.0687904e-01
2550,5.0459126e-04,2.0534314e-01
2560,4.9857939e-04,2.0382053e-01
2570,4.9265091e-04,2.0231105e-01
2580,4.8680462e-04,2.0081453e-01
2590,4.8103932e-04,1.9933080e-01
2600,4.7535385e-04,1.9785971e-01
2610,4.6974704e-04,1.9640111e-01
2620,4.6421775e-04,1.9495485e-01
2630,4.5876486e-04,1.9352076e-01
2640,4.5338725e-04,1.9209872e-01
2650,4.4808382e-04,1.9068857e-01
2660,4.4285348e-04,1.8929017e-01
2670,4.3769518e-04,1.8790338e-01
2680,4.3260785e-04,1.8652808e-01
2690,4.2759046e-04,1.8516411e-01
2700,4.2264197e-04,1.8381136e-01
2710,4.1776139e-04,1.8246969e-01
2720,4.1294770e-04,1.8113898e-01
2730,4.0819992e-04,1.7981910e-01
2740,4.0351709e-04,1.7850992e-01
2750,3.9889825e-04,1.7721134e-01
2760,3.9434246e-04,1.7592324e-01
2770,3.8984877e-04,1.7464548e-01
2780,3.8541629e-04,1.7337797e-01
2790,3.8104409e-04,1.7212060e-01
2800,3.7673130e-04,1.7087324e-01
2810,3.7247703e-04,1.6963579e-01
2820,3.6828042e-04,1.6840816e-01
2830,3.6414060e-04,1.6719022e-01
2840,3.6005675e-04,1.6598189e-01
2850,3.5602803e-04,1.6478305e-01
2860,3.5205363e-04,1.6359362e-01
2870,3.4813273e-04,1.6241349e-01
2880,3.4426455e-04,1.6124256e-01
2890,3.4044831e-04,1.6008075e-01
2900,3.3668322e-04,1.5892796e-01
2910,3.3296854e-04,1.5778410e-01
2920,3.2930351e-04,1.5664908e-01
2930,3.2568739e-04,1.5552281e-01
2940,3.2211947e-04,1.5440521e-01
2950,3.1859902e-04,1.5329619e-01
2960,3.1512534e-04,1.5219566e-01
2970,2.9861138e-04,1.5110354e-01
2980,2.9519402e-04,1.5001975e-01
2990,2.9182375e-04,1.4894422e-01
3000,2.8849986e-04,1.4787686e-01
3010,2.8522166e-04,1.4681759e-01
3020,2.8198843e-04,1.4576634e-01
3030,2.7879952e-04,1.4472304e-01
3040,2.7565423e-04,1.4368760e-01
3050,2.7255192e-04,1.4265996e-01
3060,2.6949193e-04,1.4164004e-01
3070,2.6647361e-04,1.4062777e-01
3080,2.6349635e-04,1.3962308e-01
3090,2.6055950e-04,1.3862591e-01
3100,2.5766247e-04,1.3763619e-01
3110,2.5480465e-04,1.3665384e-01
3120,2.5198544e-04,1.3567880e-01
3130,2.4920427e-04,1.3471101e-01
3140,2.4646054e-04,1.3375041e-01
3150,2.4375370e-04,1.3279692e-01
3160,2.4108319e-04,1.3185049e-01
3170,2.3844845e-04,1.3091106e-01
3180,2.3584895e-04,1.2997856e-01
3190,2.3328415e-04,1.2905293e-01
3200,2.3075353e-04,1.2813412e-01
3210,2.2825658e-04,1.2722207e-01
3220,2.2579277e-04,1.2631672e-01
3230,2.2336161e-04,1.2541801e-01
3240,2.2096261e-04,1.2452588e-01
3250,2.1859529e-04,1.2364029e-01
3260,2.1625916e-04,1.2276117e-01
3270,2.1395375e-04,1.2188847e-01
3280,2.1167861e-04,1.2102214e-01
3290,2.0943327e-04,1.2016212e-01
3300,2.0721728e-04,1.1930837e-01
3310,2.0503022e-04,1.1846083e-01
3320,1.8884360e-04,1.1761945e-01
3330,1.8674834e-04,1.1678419e-01
3340,1.8468159e-04,1.1595498e-01
3350,1.8264290e-04,1.1513178e-01
3360,1.8063184e-04,1.1431455e-01
3370,1.7864799e-04,1.1350323e-01
3380,1.7669093e-04,1.1269778e-01
3390,1.7476024e-04,1.1189815e-01
3400,1.7285551e-04,1.1110430e-01
3410,1.7097636e-04,1.1031617e-01
3420,1.6912238e-04,1.0953373e-01
3430,1.6729319e-04,1.0875692e-01
3440,1.6548841e-04,1.0798571e-01
3450,1.6370767e-04,1.0722005e-01
3460,1.6195059e-04,1.0645989e-01
3470,1.6021681e-04,1.0570520e-01
3480,1.5850598e-04,1.0495593e-01
3490,1.5681775e-04,1.0421204e-01
3500,1.5515177e-04,1.0347349e-01
3510,1.5350770e-04,1.0274023e-01
3520,1.5188520e-04,1.0201223e-01
3530,1.5028396e-04,1.0128944e-01
3540,1.4870363e-04,1.0057182e-01
3550,1.4714392e-04,9.9859347e-02
3560,1.4560449e-04,9.9151965e-02
3570,1.4408506e-04,9.8449641e-02
3580,1.4258530e-04,9.7752336e-02
3590,1.4110493e-04,9.7060012e-02
3600,1.3964364e-04,9.6372632e-02
3610,1.3820116e-04,9.5690157e-02
3620,1.3677719e-04,9.5012552e-02
3630,1.3537147e-04,9.4339779e-02
3640,1.2087102e-04,9.3671802e-02
3650,1.1956153e-04,9.3008586e-02
3660,1.1826962e-04,9.2350095e-02
3670,1.1699502e-04,9.1696293e-02
3680,1.1573745e-04,9.1047146e-02
3690,1.1449665e-04,9.0402619e-02
3700,1.1327237e-04,8.9762677e-02
3710,1.1206434e-04,8.9127287e-02
3720,1.1087231e-04,8.8496416e-02
3730,1.0969605e-04,8.7870029e-02
3740,1.0853529e-04,8.7248094e-02
3750,1.0738981e-04,8.6630577e-02
3760,1.0625937e-04,8.6017447e-02
3770,1.0514374e-04,8.5408671e-02
3780,1.0404269e-04,8.4804218e-02
3790,1.0295599e-04,8.4204055e-02
3800,1.0188344e-04,8.3608151e-02
3810,1.0082480e-04,8.3016475e-02
3820,9.9779864e-05,8.2428996e-02
3830,9.8748429e-05,8.1845684e-02
3840,9.7730286e-05,8.1266508e-02
3850,9.6725231e-05,8.0691439e-02
3860,9.5733066e-05,8.0120446e-02
3870,9.4753594e-05,7.9553499e-02
3880,9.3786623e-05,7.8990570e-02
3890,9.2831964e-05,7.8431630e-02
3900,9.1889429e-05,7.7876649e-02
3910,9.0958836e-05,7.7325598e-02
3920,9.0040005e-05,7.6778451e-02
3930,8.9132757e-05,7.6235177e-02
3940,8.8236919e-05,7.5695750e-02
3950,8.7352318e-05,7.5160142e-02
3960,8.6478787e-05,7.4628325e-02
3970,8.5616159e-05,7.4100272e-02
3980,7.3412159e-05,7.3575956e-02
3990,7.2636279e-05,7.3055350e-02
4000,7.1870631e-05,7.2538427e-02
4010,7.1115055e-05,7.2025162e-02
4020,7.0369396e-05,7.1515527e-02
4030,6.9633500e-05,7.1009497e-02
4040,6.8907216e-05,7.0507046e-02
4050,6.8190395e-05,7.0008149e-02
4060,6.7482890e-05,6.9512780e-02
4070,6.6784560e-05,6.9020914e-02
4080,6.6095261e-05,6.8532525e-02
4090,6.5414856e-05,6.8047590e-02
4100,6.4743207e-05,6.7566083e-02
4110,6.4080181e-05,6.7087980e-02
4120,6.3425646e-05,6.6613256e-02
4130,6.2779471e-05,6.6141889e-02
4140,6.2141530e-05,6.5673853e-02
4150,6.1511696e-05,6.5209125e-02
4160,6.0889847e-05,6.4747682e-02
4170,6.0275860e-05,6.4289500e-02
4180,5.9669617e-05,6.3834556e-02
4190,5.9071001e-05,6.3382827e-02
4200,5.8479896e-05,6.2934290e-02
4210,5.7896189e-05,6.2488923e-02
4220,5.7319768e-05,6.2046703e-02
4230,5.6750523e-05,6.1607608e-02
4240,5.6188347e-05,6.1171615e-02
4250,5.5633135e-05,6.0738703e-02
4260,5.5084780e-05,6.0308849e-02
4270,5.4543182e-05,5.9882033e-02
4280,5.4008238e-05,5.9458232e-02
4290,5.3479851e-05,5.9037426e-02
4300,5.2957922e-05,5.8619593e-02
4310,5.2442356e-05,5.8204711e-02
4320,5.1933058e-05,5.7792761e-02
4330,5.1429936e-05,5.7383721e-02
4340,5.0932898e-05,5.6977571e-02
4350,5.0441856e-05,5.6574290e-02
4360,4.9956719e-05,5.6173858e-02
4370,4.9477403e-05,5.5776256e-02
4380,3.9914715e-05,5.5381462e-02
4390,3.9505290e-05,5.4989458e-02
4400,3.9101127e-05,5.4600222e-02
4410,3.8702145e-05,5.4213737e-02
4420,3.8308264e-05,5.3829982e-02
4430,3.7919406e-05,5.3448939e-02
4440,3.7535494e-05,5.3070587e-02
4450,3.7156453e-05,5.2694908e-02
4460,3.6782208e-05,5.2321884e-02
4470,3.6412685e-05,5.1951495e-02
4480,3.6047814e-05,5.1583723e-02
4490,3.5687523e-05,5.1218549e-02
4500,3.5331743e-05,5.0855955e-02
4510,3.4980406e-05,5.0495924e-02
4520,3.4633444e-05,5.0138436e-02
4530,3.4290792e-05,4.9783473e-02
4540,3.3952384e-05,4.9431019e-02
4550,3.3618157e-05,4.9081055e-02
4560,3.3288048e-05,4.8733564e-02
4570,3.2961995e-05,4.8388529e-02
4580,3.2639938e-05,4.8045931e-02
4590,3.2321817e-05,4.7705754e-02
4600,3.2007573e-05,4.7367981e-02
4610,3.1697149e-05,4.7032595e-02
4620,3.1390488e-05,4.6699579e-02
4630,3.1087535e-05,4.6368916e-02
4640,3.0788234e-05,4.6040590e-02
4650,3.0492531e-05,4.5714585e-02
4660,3.0200374e-05,4.5390883e-02
4670,2.9911711e-05,4.5069469e-02
4680,2.9626490e-05,4.4750326e-02
4690,2.9344660e-05,4.4433439e-02
4700,2.9066173e-05,4.4118792e-02
4710,2.8790980e-05,4.3806368e-02
4720,2.8519032e-05,4.3496153e-02
4730,2.8250283e-05,4.3188131e-02
4740,2.7984686e-05,4.2882285e-02
4750,2.7722195e-05,4.2578602e-02
4760,2.7462766e-05,4.2277065e-02
4770,2.7206355e-05,4.1977660e-02
4780,2.6952918e-05,4.1680371e-02
4790,2.6702413e-05,4.1385184e-02
4800,2.6454798e-05,4.1092083e-02
4810,2.6210030e-05,4.0801055e-02
4820,2.5968071e-05,4.0512084e-02
4830,2.5728880e-05,4.0225156e-02
4840,2.5492417e-05,3.9940257e-02
4850,2.5258644e-05,3.9657372e-02
4860,2.5027524e-05,3.9376487e-02
4870,7.9980815e+00,3.9097588e-02
4880,1.7960456e-05,3.8820661e-02
4890,1.7782156e-05,3.8545692e-02
4900,1.7606076e-05,3.8272668e-02
4910,1.7432182e-05,3.8001574e-02
4920,1.7260440e-05,3.7732397e-02
4930,1.7090819e-05,3.7465123e-02
4940,1.6923285e-05,3.7199740e-02
4950,1.6757809e-05,3.6936234e-02
4960,1.6594359e-05,3.6674591e-02
4970,1.6432905e-05,3.6414798e-02
4980,1.6273416e-05,3.6156843e-02
4990,1.6115865e-05,3.5900712e-02
5000,1.5960221e-05,3.5646393e-02
5010,1.5806457e-05,3.5393872e-02
5020,1.5654545e-05,3.5143138e-02
5030,1.5504457e-05,3.4894177e-02
5040,1.5356167e-05,3.4646977e-02
5050,1.5209648e-05,3.4401526e-02
5060,1.5064873e-05,3.4157811e-02
5070,1.4921818e-05,3.3915820e-02
5080,1.4780458e-05,3.3675541e-02
5090,1.4640767e-05,3.3436962e-02
5100,1.4502721e-05,3.3200070e-02
5110,1.4366296e-05,3.2964855e-02
5120,1.4231469e-05,3.2731303e-02
5130,1.4098217e-05,3.2499404e-02
5140,1.3966517e-05,3.2269146e-02
5150,1.3836346e-05,3.2040517e-02
5160,1.3707683e-05,3.1813505e-02
5170,1.3580505e-05,3.1588100e-02
5180,1.3454793e-05,3.1364289e-02
5190,1.3330524e-05,3.1142062e-02
5200,1.3207678e-05,3.0921408e-02
5210,1.3086235e-05,3.0702315e-02
5220,1.2966175e-05,3.0484773e-02
5230,1.2847478e-05,3.0268770e-02
5240,1.2730125e-05,3.0054295e-02
5250,1.2614098e-05,2.9841338e-02
5260,1.2499377e-05,2.9629889e-02
5270,1.2385944e-05,2.9419936e-02
5280,1.2273782e-05,2.9211469e-02
5290,1.2162872e-05,2.9004477e-02
5300,1.2053197e-05,2.8798950e-02
5310,1.1944740e-05,2.8594878e-02
5320,1.1837484e-05,2.8392250e-02
5330,1.1731412e-05,2.8191056e-02
5340,1.1626508e-05,2.7991287e-02
5350,1.1522756e-05,2.7792932e-02
5360,1.1420140e-05,2.7595980e-02
5370,1.1318645e-05,2.7400423e-02
5380,1.1218255e-05,2.7206250e-02
5381,1.1218255e-05,2.7206250e-02

0,inf,9.9967477e-01
10,1.8686484e-01,9.9855659e-01
20,4.0164714e+00,9.9766140e-01
30,4.5184174e-02,9.9684238e-01
40,4.3467803e-02,9.9605385e-01
50,4.3285914e-02,9.9527050e-01
60,4.9896190e-02,9.9448645e-01
70,3.8451035e-02,9.9370266e-01
80,9.4236346e-03,9.9292036e-01
90,1.2780414e-02,9.9213912e-01
100,2.0181988e-02,9.9135687e-01
110,2.0226225e-02,9.9057048e-01
120,1.8437946e-02,9.8977637e-01
130,1.8955292e-02,9.8897092e-01
140,2.0344521e-02,9.8815074e-01
150,2.5545185e-02,9.8731276e-01
160,3.8895893e-02,9.8645430e-01
170,4.0063825e-02,9.8557306e-01
180,8.1009806e-03,9.8466707e-01
190,1.1850051e-02,9.8373465e-01
200,1.2882488e-02,9.8277434e-01
210,1.3353219e-02,9.8178489e-01
220,1.3616709e-02,9.8076519e-01
230,1.1820598e-02,9.7971426e-01
240,1.2205197e-02,9.7863119e-01
250,9.5210261e-03,9.7751514e-01
260,9.9216584e-03,9.7636531e-01
270,1.0160853e-02,9.7518092e-01
280,1.0519701e-02,9.7396120e-01
290,1.1057027e-02,9.7270540e-01
300,8.9028131e-03,9.7141275e-01
310,9.2168878e-03,9.7008248e-01
320,9.6927780e-03,9.6871380e-01
330,1.0434409e-02,9.6730589e-01
340,3.9991800e+00,9.6585795e-01
350,8.4902052e-03,9.6436913e-01
360,9.1044170e-03,9.6283857e-01
370,1.0108295e-02,9.6126538e-01
380,1.1925981e-02,9.5964867e-01
390,6.8126066e-03,9.5798753e-01
400,7.8936987e-03,9.5628103e-01
410,8.5630589e-03,9.5452823e-01
420,9.6061073e-03,9.5272819e-01
430,1.1363376e-02,9.5087993e-01
440,1.4758030e-02,9.4898251e-01
450,5.5171361e-03,9.4703494e-01
460,6.4443302e-03,9.4503627e-01
470,6.6351458e-03,9.4298554e-01
480,6.8550476e-03,9.4088178e-01
490,7.1048837e-03,9.3872404e-01
500,7.3848876e-03,9.3651139e-01
510,7.6946784e-03,9.3424291e-01
520,3.9990966e+00,9.3191767e-01
530,5.2901846e-03,9.2953481e-01
540,5.3331803e-03,9.2709346e-01
550,5.3805977e-03,9.2459277e-01
560,5.4325169e-03,9.2203195e-01
570,5.4890495e-03,9.1941022e-01
580,5.5503459e-03,9.1672684e-01
590,5.6166029e-03,9.1398112e-01
600,5.6880697e-03,9.1117240e-01
610,5.7650543e-03,9.0830006e-01
620,5.8479318e-03,9.0536355e-01
630,4.8477682e-03,9.0236235e-01
640,4.8804604e-03,8.9929600e-01
650,4.9168416e-03,8.9616410e-01
660,4.9571233e-03,8.9296631e-01
670,5.0015433e-03,8.8970234e-01
680,5.0503705e-03,8.8637197e-01
690,5.1039091e-03,8.8297506e-01
700,5.1625039e-03,8.7951152e-01
710,5.2265475e-03,8.7598134e-01
720,5.2964867e-03,8.7238457e-01
730,5.3728316e-03,8.6872137e-01
740,5.4561671e-03,8.6499193e-01
750,5.5471643e-03,8.6119654e-01
760,5.6465974e-03,8.5733557e-01
770,5.7553616e-03,8.5340948e-01
780,5.8744993e-03,8.4941877e-01
790,6.0052255e-03,8.4536407e-01
800,6.1489680e-03,8.4124605e-01
810,6.3074158e-03,8.3706549e-01
820,6.4825753e-03,8.3282324e-01
830,6.6768489e-03,8.2852023e-01
840,6.8931421e-03,8.2415747e-01
850,7.1349913e-03,8.1973605e-01
860,7.4067545e-03,8.1525713e-01
870,7.7138532e-03,8.1072196e-01
880,8.0631205e-03,8.0613185e-01
890,8.4632960e-03,8.0148819e-01
900,8.9257272e-03,7.9679245e-01
910,9.4654315e-03,7.9204614e-01
920,1.0102698e-02,7.8725087e-01
930,1.0865638e-02,7.8240828e-01
940,1.1794323e-02,7.7752010e-01
950,1.2947923e-02,7.7258808e-01
960,1.4417647e-02,7.6761406e-01
970,1.6351766e-02,7.6259990e-01
980,1.9008485e-02,7.5754752e-01
990,2.2881148e-02,7.5245889e-01
1000,2.9044726e-02,7.4733599e-01
1010,4.0370447e-02,7.4218086e-01
1020,6.7973842e-02,7.3699555e-01
1030,2.3602729e-01,7.3178215e-01
1040,1.4992616e-01,7.2654277e-01
1050,5.5474619e-02,7.2127952e-01
1060,3.3500488e-02,7.1599455e-01
1070,2.3718685e-02,7.1068999e-01
1080,1.8189128e-02,7.0536799e-01
1090,1.4636527e-02,7.0003070e-01
1100,1.2163094e-02,6.9468027e-01
1110,1.0343218e-02,6.8931882e-01
1120,8.9490530e-03,6.8394848e-01
1130,7.8476434e-03,6.7857136e-01
1140,6.9561262e-03,6.7318955e-01
1150,6.2202659e-03,6.6780511e-01
1160,5.6029931e-03,6.6242009e-01
1170,5.0781297e-03,6.5703649e-01
1180,4.6266890e-03,6.5165629e-01
1190,4.2345417e-03,6.4628143e-01
1200,3.8909673e-03,6.4091382e-01
1210,3.5876711e-03,6.3555532e-01
1220,3.3181489e-03,6.3020776e-01
1230,3.0772222e-03,6.2487290e-01
1240,2.8607180e-03,6.1955248e-01
1250,2.6652352e-03,6.1424818e-01
1260,2.4879726e-03,6.0896163e-01
1270,2.3266104e-03,6.0369440e-01
1280,2.1792010e-03,5.9844802e-01
1290,2.0440947e-03,5.9322396e-01
1300,1.9199056e-03,5.8802364e-01
1310,1.8054379e-03,5.8284842e-01
1320,1.6996624e-03,5.7769960e-01
1330,1.6016930e-03,5.7257843e-01
1340,1.5107605e-03,5.6748610e-01
1350,1.4261838e-03,5.6242374e-01
1360,1.3473795e-03,5.5739243e-01
1370,1.2738252e-03,5.5239320e-01
1380,1.2050544e-03,5.4742701e-01
1390,1.1406662e-03,5.4249477e-01
1400,1.0802911e-03,5.3759733e-01
1410,1.0236070e-03,5.3273550e-01
1420,9.7031879e-04,5.2791002e-01
1430,9.2016719e-04,5.2312158e-01
1440,6.2211417e-04,5.1837083e-01
1450,5.9087461e-04,5.1365836e-01
1460,5.6119008e-04,5.0898471e-01
1470,5.3296623e-04,5.0435038e-01
1480,5.0611611e-04,4.9975581e-01
1490,4.8056369e-04,4.9520140e-01
1500,4.5623083e-04,4.9068752e-01
1510,4.3305055e-04,4.8621446e-01
1520,4.1095799e-04,4.8178251e-01
1530,3.8989304e-04,4.7739189e-01
1540,3.6980106e-04,4.7304280e-01
1550,3.5062939e-04,4.6873539e-01
1560,3.3232983e-04,4.6446977e-01
1570,3.1485643e-04,4.6024604e-01
1580,2.9816747e-04,4.5606423e-01
1590,2.8222267e-04,4.5192436e-01
1600,2.6698481e-04,4.4782642e-01
1610,2.5241847e-04,4.4377037e-01
1620,2.3849060e-04,4.3975614e-01
1630,2.2516997e-04,4.3578362e-01
1640,2.1242908e-04,4.3185270e-01
1650,2.0023767e-04,4.2796323e-01
1660,1.8857127e-04,4.2411503e-01
1670,1.7740511e-04,4.2030792e-01
1680,1.6671665e-04,4.1654169e-01
1690,1.5648232e-04,4.1281610e-01
1700,1.4668283e-04,4.0913092e-01
1710,1.3729801e-04,4.0548586e-01
1720,1.2830928e-04,4.0188066e-01
1730,1.1969956e-04,3.9831502e-01
1740,1.1145143e-04,3.9478863e-01
1750,3.8274822e-05,3.9130117e-01
1760,3.2838580e-05,3.8785231e-01
1770,2.7628491e-05,3.8444170e-01
1780,2.2636104e-05,3.8106900e-01
1790,1.7851741e-05,3.7773384e-01
1800,1.3268813e-05,3.7443586e-01
1810,8.8778733e-06,3.7117467e-01
1820,4.6727755e-06,3.6794990e-01
1830,6.4479673e-07,3.6476116e-01
1840,3.2115444e-06,3.6160805e-01
1850,6.9032584e-06,3.5849017e-01
1860,1.0438320e-05,3.5540714e-01
1870,1.3820779e-05,3.5235853e-01
1880,1.7057748e-05,3.4934395e-01
1890,2.0152982e-05,3.4636298e-01
1900,2.3113781e-05,3.4341522e-01
1910,2.5944871e-05,3.4050026e-01
1920,2.8650723e-05,3.3761767e-01
1930,3.1236548e-05,3.3476706e-01
1940,3.3706307e-05,3.3194802e-01
1950,3.6064702e-05,3.2916012e-01
1960,3.8315696e-05,3.2640296e-01
1970,4.0464475e-05,3.2367613e-01
1980,4.2512569e-05,3.2097924e-01
1990,4.4466147e-05,3.1831186e-01
2000,4.6327013e-05,3.1567361e-01
2010,4.8099170e-05,3.1306408e-01
2020,4.9786861e-05,3.1048287e-01
2030,5.1391236e-05,3.0792960e-01
2040,5.2917762e-05,3.0540387e-01
2050,5.4367390e-05,3.0290530e-01
2060,5.5743712e-05,3.0043350e-01
2070,5.7049155e-05,2.9798810e-01
2080,5.8286163e-05,2.9556872e-01
2090,5.9458844e-05,2.9317499e-01
2100,6.0567805e-05,2.9080654e-01
2110,6.1615788e-05,2.8846301e-01
2120,6.2605787e-05,2.8614405e-01
2130,6.3538949e-05,2.8384929e-01
2140,6.4417613e-05,2.8157839e-01
2150,6.5243673e-05,2.7933101e-01
2160,6.6019966e-05,2.7710680e-01
2170,6.6747270e-05,2.7490544e-01
2180,6.7427772e-05,2.7272658e-01
2190,6.8063907e-05,2.7056991e-01
2200,6.8655830e-05,2.6843511e-01
2210,6.9206246e-05,2.6632185e-01
2220,6.9716953e-05,2.6422983e-01
2230,7.0188176e-05,2.6215874e-01
2240,7.0622666e-05,2.6010828e-01
2250,7.1020912e-05,2.5807815e-01
2260,7.1384106e-05,2.5606806e-01
2270,7.1714137e-05,2.5407772e-01
2280,7.2012228e-05,2.5210685e-01
2290,7.2279617e-05,2.5015518e-01
2300,7.2517558e-05,2.4822242e-01
2310,7.2725737e-05,2.4630832e-01
2320,7.2907470e-05,2.4441260e-01
2330,7.3062245e-05,2.4253501e-01
2340,7.3191597e-05,2.4067529e-01
2345,7.3235366e-05,2.4067529e-01

0,8.5105505e-01,9.9967477e-01
10,1.2609165e-01,9.9855659e-01
20,7.1095416e-02,9.9766140e-01
30,4.9733906e-02,9.9684238e-01
40,3.9244908e-02,9.9605385e-01
50,3.2780765e-02,9.9527050e-01
60,2.8161032e-02,9.9448645e-01
70,2.4632791e-02,9.9370266e-01
80,2.1873449e-02,9.9292036e-01
90,1.9697598e-02,9.9213912e-01
100,1.7973574e-02,9.9135687e-01
110,1.6599471e-02,9.9057048e-01
120,1.5495026e-02,9.8977637e-01
130,1.4597435e-02,9.8897092e-01
140,1.3858137e-02,9.8815074e-01
150,1.3240001e-02,9.8731276e-01
160,1.2714879e-02,9.8645430e-01
170,1.2261570e-02,9.8557306e-01
180,1.1864163e-02,9.8466707e-01
190,1.1510743e-02,9.8373465e-01
200,1.1192383e-02,9.8277434e-01
210,1.0902384e-02,9.8178489e-01
220,1.0635702e-02,9.8076519e-01
230,1.0388517e-02,9.7971426e-01
240,1.0157912e-02,9.7863119e-01
250,9.9416391e-03,9.7751514e-01
260,9.7379449e-03,9.7636531e-01
270,9.5454399e-03,9.7518092e-01
280,9.3630051e-03,9.7396120e-01
290,9.1897224e-03,9.7270540e-01
300,9.0248237e-03,9.7141275e-01
310,8.8676531e-03,9.7008248e-01
320,8.7176402e-03,9.6871380e-01
330,8.5742797e-03,9.6730589e-01
340,8.4371173e-03,9.6585795e-01
350,8.3057386e-03,9.6436913e-01
360,8.1797617e-03,9.6283857e-01
370,8.0588314e-03,9.6126538e-01
380,7.9426153e-03,9.5964867e-01
390,7.8308004e-03,9.5798753e-01
400,7.7230914e-03,9.5628103e-01
410,7.6192086e-03,9.5452823e-01
420,7.5188869e-03,9.5272819e-01
430,7.4218748e-03,9.5087993e-01
440,7.3279336e-03,9.4898251e-01
450,7.2368369e-03,9.4703494e-01
460,7.1483701e-03,9.4503627e-01
470,7.0623297e-03,9.4298554e-01
480,6.9785232e-03,9.4088178e-01
490,6.8967686e-03,9.3872404e-01
500,6.8168940e-03,9.3651139e-01
510,6.7387374e-03,9.3424291e-01
520,6.6621462e-03,9.3191767e-01
530,6.5869770e-03,9.2953481e-01
540,6.5130952e-03,9.2709346e-01
550,6.4403747e-03,9.2459277e-01
560,6.3686977e-03,9.2203195e-01
570,6.2979541e-03,9.1941022e-01
580,6.2280416e-03,9.1672684e-01
590,6.1588652e-03,9.1398112e-01
600,6.0903365e-03,9.1117240e-01
610,6.0223744e-03,9.0830006e-01
620,5.9549039e-03,9.0536355e-01
630,5.8878561e-03,9.0236235e-01
640,5.8211683e-03,8.9929600e-01
650,5.7547833e-03,8.9616410e-01
660,5.6886492e-03,8.9296631e-01
670,5.6227196e-03,8.8970234e-01
680,5.5569528e-03,8.8637197e-01
690,5.4913119e-03,8.8297506e-01
700,5.4257645e-03,8.7951152e-01
710,5.3602827e-03,8.7598134e-01
720,5.2948423e-03,8.7238457e-01
730,5.2294235e-03,8.6872137e-01
740,5.1640098e-03,8.6499193e-01
750,5.0985885e-03,8.6119654e-01
760,5.0331502e-03,8.5733557e-01
770,4.9676887e-03,8.5340948e-01
780,4.9022007e-03,8.4941877e-01
790,4.8366859e-03,8.4536407e-01
800,4.7711465e-03,8.4124605e-01
810,4.7055874e-03,8.3706549e-01
820,4.6400157e-03,8.3282324e-01
830,4.5744409e-03,8.2852023e-01
840,4.5088744e-03,8.2415747e-01
850,4.4433295e-03,8.1973605e-01
860,4.3778213e-03,8.1525713e-01
870,4.3123664e-03,8.1072196e-01
880,4.2469832e-03,8.0613185e-01
890,4.1816910e-03,8.0148819e-01
900,4.1165104e-03,7.9679245e-01
910,4.0514633e-03,7.9204614e-01
920,3.9865723e-03,7.8725087e-01
930,3.9218608e-03,7.8240828e-01
940,3.8573528e-03,7.7752010e-01
950,3.7930731e-03,7.7258808e-01
960,3.7290465e-03,7.6761406e-01
970,3.6652986e-03,7.6259990e-01
980,3.6018548e-03,7.5754752e-01
990,3.5387407e-03,7.5245889e-01
1000,3.4759819e-03,7.4733599e-01
1010,3.4136039e-03,7.4218086e-01
1020,3.3516319e-03,7.3699555e-01
1030,3.2900908e-03,7.3178215e-01
1040,3.2290053e-03,7.2654277e-01
1050,3.1683993e-03,7.2127952e-01
1060,3.1082963e-03,7.1599455e-01
1070,3.0487193e-03,7.1068999e-01
1080,2.9896904e-03,7.0536799e-01
1090,2.9312311e-03,7.0003070e-01
1100,2.8733621e-03,6.9468027e-01
1110,2.8161031e-03,6.8931882e-01
1120,2.7594730e-03,6.8394848e-01
1130,2.7034899e-03,6.7857136e-01
1140,2.6481707e-03,6.7318955e-01
1150,2.5935314e-03,6.6780511e-01
1160,2.5395871e-03,6.6242009e-01
1170,2.4863517e-03,6.5703649e-01
1180,2.4338382e-03,6.5165629e-01
1190,2.3820583e-03,6.4628143e-01
1200,2.3310230e-03,6.4091382e-01
1210,2.2807419e-03,6.3555532e-01
1220,2.2312238e-03,6.3020776e-01
1230,2.1824763e-03,6.2487290e-01
1240,2.1345061e-03,6.1955248e-01
1250,2.0873186e-03,6.1424818e-01
1260,2.0409186e-03,6.0896163e-01
1270,1.9953096e-03,6.0369440e-01
1280,1.9504942e-03,5.9844802e-01
1290,1.9064742e-03,5.9322396e-01
1300,1.8632504e-03,5.8802364e-01
1310,1.8208226e-03,5.8284842e-01
1320,1.7791900e-03,5.7769960e-01
1330,1.7383508e-03,5.7257843e-01
1340,1.6983025e-03,5.6748610e-01
1350,1.6590417e-03,5.6242374e-01
1360,1.6205646e-03,5.5739243e-01
1370,1.5828664e-03,5.5239320e-01
1380,1.5459418e-03,5.4742701e-01
1390,1.5097848e-03,5.4249477e-01
1400,1.4743890e-03,5.3759733e-01
1410,1.4397473e-03,5.3273550e-01
1420,1.4058522e-03,5.2791002e-01
1430,1.3726956e-03,5.2312158e-01
1440,1.3402691e-03,5.1837083e-01
1450,1.3085638e-03,5.1365836e-01
1460,1.2775706e-03,5.0898471e-01
1470,1.2472798e-03,5.0435038e-01
1480,1.2176816e-03,4.9975581e-01
1490,1.1887659e-03,4.9520140e-01
1500,1.1605223e-03,4.9068752e-01
1510,1.1329403e-03,4.8621446e-01
1520,1.1060089e-03,4.8178251e-01
1530,1.0797174e-03,4.7739189e-01
1540,1.0540546e-03,4.7304280e-01
1550,1.0290093e-03,4.6873539e-01
1560,1.0045703e-03,4.6446977e-01
1570,9.8072627e-04,4.6024604e-01
1580,9.5746572e-04,4.5606423e-01
1590,9.3477729e-04,4.5192436e-01
1600,9.1264955e-04,4.4782642e-01
1610,8.9107109e-04,4.4377037e-01
1620,8.7003051e-04,4.3975614e-01
1630,8.4951647e-04,4.3578362e-01
1640,8.2951768e-04,4.3185270e-01
1650,8.1002291e-04,4.2796323e-01
1660,7.9102102e-04,4.2411503e-01
1670,7.7250096e-04,4.2030792e-01
1680,7.5445177e-04,4.1654169e-01
1690,7.3686263e-04,4.1281610e-01
1700,7.1972281e-04,4.0913092e-01
1710,7.0302174e-04,4.0548586e-01
1720,6.8674896e-04,4.0188066e-01
1730,6.7089418e-04,3.9831502e-01
1740,6.5544723e-04,3.9478863e-01
1750,6.4039812e-04,3.9130117e-01
1760,6.2573700e-04,3.8785231e-01
1770,6.1145420e-04,3.8444170e-01
1780,5.9754019e-04,3.8106900e-01
1790,5.8398565e-04,3.7773384e-01
1800,5.7078138e-04,3.7443586e-01
1810,5.5791841e-04,3.7117467e-01
1820,5.4538789e-04,3.6794990e-01
1830,5.3318119e-04,3.6476116e-01
1840,5.2128983e-04,3.6160805e-01
1850,5.0970552e-04,3.5849017e-01
1860,4.9842013e-04,3.5540714e-01
1870,4.8742573e-04,3.5235853e-01
1880,4.7671456e-04,3.4934395e-01
1890,4.6627902e-04,3.4636298e-01
1900,4.5611169e-04,3.4341522e-01
1910,4.4620534e-04,3.4050026e-01
1920,4.3655288e-04,3.3761767e-01
1930,4.2714742e-04,3.3476706e-01
1940,4.1798222e-04,3.3194802e-01
1950,4.0905071e-04,3.2916012e-01
1960,4.0034649e-04,3.2640296e-01
1970,3.9186330e-04,3.2367613e-01
1980,3.8359506e-04,3.2097924e-01
1990,3.7553583e-04,3.1831186e-01
2000,3.6767985e-04,3.1567361e-01
2010,3.6002148e-04,3.1306408e-01
2020,3.5255525e-04,3.1048287e-01
2030,3.4527581e-04,3.0792960e-01
2040,3.3817799e-04,3.0540387e-01
2050,3.3125673e-04,3.0290530e-01
2060,3.2450711e-04,3.0043350e-01
2070,3.1792436e-04,2.9798810e-01
2080,3.1150383e-04,2.9556872e-01
2090,3.0524100e-04,2.9317499e-01
2100,2.9913148e-04,2.9080654e-01
2110,2.9317099e-04,2.8846301e-01
2120,2.8735539e-04,2.8614405e-01
2130,2.8168063e-04,2.8384929e-01
2140,2.7614281e-04,2.8157839e-01
2150,2.7073811e-04,2.7933101e-01
2160,2.6546283e-04,2.7710680e-01
2170,2.6031337e-04,2.7490544e-01
2180,2.5528626e-04,2.7272658e-01
2190,2.5037810e-04,2.7056991e-01
2200,2.4558559e-04,2.6843511e-01
2210,2.4090555e-04,2.6632185e-01
2220,2.3633487e-04,2.6422983e-01
2230,2.3187053e-04,2.6215874e-01
2240,2.2750962e-04,2.6010828e-01
2250,2.2324930e-04,2.5807815e-01
2260,2.1908680e-04,2.5606806e-01
2270,2.1501946e-04,2.5407772e-01
2280,2.1104468e-04,2.5210685e-01
2290,2.0715995e-04,2.5015518e-01
2300,2.0336281e-04,2.4822242e-01
2310,1.9965089e-04,2.4630832e-01
2320,1.9602190e-04,2.4441260e-01
2330,1.9247360e-04,2.4253501e-01
2340,1.8900382e-04,2.4067529e-01
2350,1.8561047e-04,2.3883319e-01
2360,1.8229148e-04,2.3700847e-01
2370,1.7904490e-04,2.3520088e-01
2380,1.7586880e-04,2.3341019e-01
2390,1.7276130e-04,2.3163616e-01
2400,1.6972061e-04,2.2987857e-01
2410,1.6674496e-04,2.2813718e-01
2420,1.6383266e-04,2.2641179e-01
2430,1.6098205e-04,2.2470216e-01
2440,1.5819153e-04,2.2300810e-01
2450,1.5545954e-04,2.2132938e-01
2460,1.5278456e-04,2.1966581e-01
2470,1.5016515e-04,2.1801718e-01
2480,1.4759986e-04,2.1638330e-01
2490,1.4508732e-04,2.1476396e-01
2500,1.4262620e-04,2.1315899e-01
2510,1.4021519e-04,2.1156820e-01
2520,1.3785302e-04,2.0999139e-01
2530,1.3553848e-04,2.0842840e-01
2540,1.3327037e-04,2.0687904e-01
2550,1.3104755e-04,2.0534314e-01
2560,1.2886888e-04,2.0382053e-01
2570,1.2673328e-04,2.0231105e-01
2580,1.2463970e-04,2.0081453e-01
2590,1.2258711e-04,1.9933080e-01
2600,1.2057451e-04,1.9785971e-01
2610,1.1860093e-04,1.9640111e-01
2620,1.1666544e-04,1.9495485e-01
2630,1.1476712e-04,1.9352076e-01
2640,1.1290509e-04,1.9209872e-01
2650,1.1107848e-04,1.9068857e-01
2660,1.0928646e-04,1.8929017e-01
2670,1.0752822e-04,1.8790338e-01
2680,1.0580297e-04,1.8652808e-01
2690,1.0410993e-04,1.8516411e-01
2700,1.0244837e-04,1.8381136e-01
2710,1.0081756e-04,1.8246969e-01
2720,9.9216787e-05,1.8113898e-01
2730,9.7645379e-05,1.7981910e-01
2740,9.6102665e-05,1.7850992e-01
2750,9.4587998e-05,1.7721134e-01
2760,9.3100749e-05,1.7592324e-01
2770,9.1640306e-05,1.7464548e-01
2780,9.0206073e-05,1.7337797e-01
2790,8.8797472e-05,1.7212060e-01
2800,8.7413939e-05,1.7087324e-01
2810,8.6054926e-05,1.6963579e-01
2820,8.4719901e-05,1.6840816e-01
2830,8.3408345e-05,1.6719022e-01
2840,8.2119752e-05,1.6598189e-01
2850,8.0853631e-05,1.6478305e-01
2860,7.9609505e-05,1.6359362e-01
2870,7.8386907e-05,1.6241349e-01
2880,7.7185384e-05,1.6124256e-01
2890,7.6004494e-05,1.6008075e-01
2900,7.4843808e-05,1.5892796e-01
2910,7.3702907e-05,1.5778410e-01
2920,7.2581382e-05,1.5664908e-01
2930,7.1478837e-05,1.5552281e-01
2940,7.0394883e-05,1.5440521e-01
2950,6.9329145e-05,1.5329619e-01
2960,6.8281253e-05,1.5219566e-01
2970,6.7250850e-05,1.5110354e-01
2980,6.6237585e-05,1.5001975e-01
2990,6.5241119e-05,1.4894422e-01
3000,6.4261119e-05,1.4787686e-01
3010,6.3297260e-05,1.4681759e-01
3020,6.2349228e-05,1.4576634e-01
3030,6.1416713e-05,1.4472304e-01
3040,6.0499415e-05,1.4368760e-01
3050,5.9597040e-05,1.4265996e-01
3060,5.8709302e-05,1.4164004e-01
3070,5.7835922e-05,1.4062777e-01
3080,5.6976626e-05,1.3962308e-01
3090,5.6131149e-05,1.3862591e-01
3100,5.5299230e-05,1.3763619e-01
3110,5.4480616e-05,1.3665384e-01
3120,5.3675058e-05,1.3567880e-01
3130,5.2882314e-05,1.3471101e-01
3140,5.2102148e-05,1.3375041e-01
3150,5.1334328e-05,1.3279692e-01
3160,5.0578628e-05,1.3185049e-01
3170,4.9834829e-05,1.3091106e-01
3180,4.9102713e-05,1.2997856e-01
3190,4.8382071e-05,1.2905293e-01
3200,4.7672695e-05,1.2813412e-01
3210,4.6974385e-05,1.2722207e-01
3220,4.6286944e-05,1.2631672e-01
3230,4.5610177e-05,1.2541801e-01
3240,4.4943898e-05,1.2452588e-01
3250,4.4287921e-05,1.2364029e-01
3260,4.3642066e-05,1.2276117e-01
3270,4.3006156e-05,1.2188847e-01
3280,4.2380020e-05,1.2102214e-01
3290,4.1763486e-05,1.2016212e-01
3300,4.1156390e-05,1.1930837e-01
3310,4.0558571e-05,1.1846083e-01
3320,3.9969868e-05,1.1761945e-01
3330,3.9390128e-05,1.1678419e-01
3340,3.8819197e-05,1.1595498e-01
3350,3.8256926e-05,1.1513178e-01
3360,3.7703171e-05,1.1431455e-01
3370,3.7157787e-05,1.1350323e-01
3380,3.6620635e-05,1.1269778e-01
3390,3.6091577e-05,1.1189815e-01
3400,3.5570479e-05,1.1110430e-01
3410,3.5057208e-05,1.1031617e-01
3420,3.4551637e-05,1.0953373e-01
3430,3.4053638e-05,1.0875692e-01
3440,3.3563087e-05,1.0798571e-01
3450,3.3079862e-05,1.0722005e-01
3460,3.2603843e-05,1.0645989e-01
3470,3.2134914e-05,1.0570520e-01
3480,3.1672961e-05,1.0495593e-01
3490,3.1217869e-05,1.0421204e-01
3500,3.0769529e-05,1.0347349e-01
3510,3.0327832e-05,1.0274023e-01
3520,2.9892672e-05,1.0201223e-01
3530,2.9463944e-05,1.0128944e-01
3540,2.9041547e-05,1.0057182e-01
3550,2.8625379e-05,9.9859347e-02
3560,2.8215342e-05,9.9151965e-02
3570,2.7811339e-05,9.8449641e-02
3580,2.7413275e-05,9.7752336e-02
3590,2.7021056e-05,9.7060012e-02
3600,2.6634591e-05,9.6372632e-02
3610,2.6253790e-05,9.5690157e-02
3620,2.5878565e-05,9.5012552e-02
3630,2.5508828e-05,9.4339779e-02
3640,2.5144495e-05,9.3671802e-02
3650,2.4785481e-05,9.3008586e-02
3660,2.4431705e-05,9.2350095e-02
3670,2.4083085e-05,9.1696293e-02
3680,2.3739542e-05,9.1047146e-02
3690,2.3400999e-05,9.0402619e-02
3700,2.3067377e-05,8.9762677e-02
3710,2.2738603e-05,8.9127287e-02
3720,2.2414602e-05,8.8496416e-02
3730,2.2095301e-05,8.7870029e-02
3740,2.1780629e-05,8.7248094e-02
3750,2.1470515e-05,8.6630577e-02
3760,2.1164890e-05,8.6017447e-02
3770,2.0863686e-05,8.5408671e-02
3780,2.0566837e-05,8.4804218e-02
3790,2.0274276e-05,8.4204055e-02
3800,1.9985940e-05,8.3608151e-02
3810,1.9701764e-05,8.3016475e-02
3820,1.9421686e-05,8.2428996e-02
3830,1.9145645e-05,8.1845684e-02
3840,1.8873580e-05,8.1266508e-02
3850,1.8605432e-05,8.0691439e-02
3860,1.8341142e-05,8.0120446e-02
3870,1.8080653e-05,7.9553499e-02
3880,1.7823908e-05,7.8990570e-02
3890,1.7570851e-05,7.8431630e-02
3900,1.7321429e-05,7.7876649e-02
3910,1.7075586e-05,7.7325598e-02
3920,1.6833270e-05,7.6778451e-02
3930,1.6594429e-05,7.6235177e-02
3940,1.6359012e-05,7.5695750e-02
3950,1.6126967e-05,7.5160142e-02
3960,1.5898245e-05,7.4628325e-02
3970,1.5672798e-05,7.4100272e-02
3980,1.5450576e-05,7.3575956e-02
3990,1.5231534e-05,7.3055350e-02
4000,1.5015623e-05,7.2538427e-02
4010,1.4802799e-05,7.2025162e-02
4020,1.4593015e-05,7.1515527e-02
4030,1.4386228e-05,7.1009497e-02
4040,1.4182394e-05,7.0507046e-02
4050,1.3981469e-05,7.0008149e-02
4060,1.3783412e-05,6.9512780e-02
4070,1.3588179e-05,6.9020914e-02
4080,1.3395731e-05,6.8532525e-02
4090,1.3206026e-05,6.8047590e-02
4100,1.3019026e-05,6.7566083e-02
4110,1.2834689e-05,6.7087980e-02
4120,1.2652979e-05,6.6613256e-02
4130,1.2473856e-05,6.6141889e-02
4140,1.2297283e-05,6.5673853e-02
4150,1.2123223e-05,6.5209125e-02
4160,1.1951641e-05,6.4747682e-02
4170,1.1782499e-05,6.4289500e-02
4180,1.1615763e-05,6.3834556e-02
4190,1.1451398e-05,6.3382827e-02
4200,1.1289370e-05,6.2934290e-02
4210,1.1129645e-05,6.2488923e-02
4220,1.0972190e-05,6.2046703e-02
4230,1.0816972e-05,6.1607608e-02
4240,1.0663959e-05,6.1171615e-02
4250,1.0513119e-05,6.0738703e-02
4260,1.0364421e-05,6.0308849e-02
4270,1.0217835e-05,5.9882033e-02
4280,1.0073329e-05,5.9458232e-02
4290,9.9308738e-06,5.9037426e-02
4300,9.7904402e-06,5.8619593e-02
4310,9.6519992e-06,5.8204711e-02
4320,9.5155220e-06,5.7792761e-02
4330,9.3809807e-06,5.7383721e-02
4340,9.2483473e-06,5.6977571e-02
4350,9.1175946e-06,5.6574290e-02
4360,8.9886957e-06,5.6173858e-02
4370,8.8616240e-06,5.5776256e-02
4380,8.7363534e-06,5.5381462e-02
4390,8.6128582e-06,5.4989458e-02
4400,8.4911129e-06,5.4600222e-02
4410,8.3710926e-06,5.4213737e-02
4420,8.2527726e-06,5.3829982e-02
4430,8.1361287e-06,5.3448939e-02
4440,8.0211370e-06,5.3070587e-02
4450,7.9077737e-06,5.2694908e-02
4460,7.7960159e-06,5.2321884e-02
4470,7.6858404e-06,5.1951495e-02
4480,7.5772249e-06,5.1583723e-02
4490,7.4701470e-06,5.1218549e-02
4500,7.3645848e-06,5.0855955e-02
4510,7.2605168e-06,5.0495924e-02
4520,7.1579217e-06,5.0138436e-02
4530,7.0567785e-06,4.9783473e-02
4535,7.0167232e-06,4.9783473e-02

